elected_in,elected_in_wikidata
Aberdeen,
Accra,
Almaty,
Antananarivo,
Asunción,
Athens,
Auckland,
Aÿ-Champagne,
Basse-Terre,
Beirut,
Belfast,
Belgrade,
Bergerac,
Bern,
Bihać,
Bijeljina,
Bogotá,
Bourg-en-Bresse,
Bourj Hammoud ,
Brežice,
Bridgetown,
Brumath,
Bucharest,
Budapest,
Buenos Aires,
Caldas,
Camboriú,
Campeche,
Cape Town,
Cardiff,
Carnon,
Castillon-la-Bataille,
Cayenne,
Ceyzériat,
Chalon-sur-Saône,
Chișinău,
Cochabamba,
Colombo,
Copenhagen,
Cortés,
Culiacán,
Daegu,
Dar es Salaam,
Dax,
Dhaka,
Dina Tersago,
Drenovci,
Dunkerque,
Durban,
Déols	Bourges,
Fort Lauderdale,
Fort-de-France,
Fécamp,
Gaborone,
George Town,
Georgetown,
Gibraltar,
Gilda Jovine,
Giorgia Palmas,
Gold Coast,
Gothenburg,
Guatemala City,
Harare,
Heredia,
Hong Kong,
Honolulu,
Irena Pantelic,
Istanbul,
Jacqueline Ntuyabelikwe,
Jarnac,
Johor,
Kampala,
Kathmandu,
Kingston,
Kuala Lumpur,
Kyiv,
La Ferté-Bernard,
Lagos,
Lambayeque,
Le Cannet,
Le Chesnay,
Le Lavandou,
Leicester,
Limassol,
Linares,
Linz,
Lisbon,
Lisle-sur-Tarn,
Litoměřice,
Liverpool,
Longlaville,
Los Angeles,
Luanda,
Lyon,
Madrid,
Mahara McKay,
Managua,
Mannheim,
Manukau City,
Maracaibo,
Maribor,
Matilda Kerry,
Melbourne,
Melle,
Messina,
Meurthe-et-Moselle,
Mochudi,
Monistrol-sur-Loire,
Montargis,
Montevideo,
Montréjeau,
Moravské Budějovice,
Morvillars,
Moscow,
Motherwell,
Murmansk,
Mzuzu,
Nagoya,
Nairobi,
Nemšová,
Nicosia,
Nouméa,
Néris-les-Bains,
Odesa,
Oranjestad,
Oslo,
Ozalj,
Palanga,
Panama City,
Papeete,
Paris,
Pasardzhik,
Peloponnese,
Philipsburg,
Plouhinec,
Pont-Saint-Esprit,
Porcieu-Amblagnieu,
Port of Spain,
Porticcio,
Portoviejo,
Priyanka Chopra,
Quito,
Reykjavík,
Road Town,
Roermond,
Romorantin-Lanthenay,
Rosario,
Saillat-sur-Vienne,
Saint John,
Saint Thomas,
Saint-Denis,
Saint-Galmier,
Saint-Quentin,
San Carlos,
San Fernando,
San José,
Santa Cruz de la Sierra,
Santo Domingo,
Sanya,
Sara Corner,
Seoul,
Seville,
Sevrier,
Singapore,
Skopje,
Sofia,
Songkhla,
Sonia Gazi,
Stockholm,
Sviatlana Kruk,
Szczecin,
Taipei,
Tallinn,
Tartu,
Tel Aviv,
Temuco,
Tipperary,
Toa Alta,
Toamasina,
Tokyo,
Toronto,
Tortola,
Toulouse,
Troms,
Trujillo,
Turku,
Tuğçe Kazaz,
Valenciennes,
Valletta,
Valmiera,
Vanessa Cárdenas,
Vergèze,
Vern-d'Anjou,
Vieques,
Votuporanga,
Warsaw,
Wels,
Willemstad,
Windhoek,
Wolfach,
Wrexham,
Youghal,
Žilina,
,
