winner,details,url,year,date,location,host,is_person,is_album_or_single
Fairground Attraction,Best British Album,https://www.brits.co.uk/history/the-brits-1989/,1989,1989-02-13,"Royal Albert Hall, London",Mick Fleetwood & Samantha Fox,False,True
Annie Lennox,Best British Female,https://www.brits.co.uk/history/the-brits-1989/,1989,1989-02-13,"Royal Albert Hall, London",Mick Fleetwood & Samantha Fox,True,False
Erasure,Best British Group,https://www.brits.co.uk/history/the-brits-1989/,1989,1989-02-13,"Royal Albert Hall, London",Mick Fleetwood & Samantha Fox,True,False
Phil Collins,Best British Male,https://www.brits.co.uk/history/the-brits-1989/,1989,1989-02-13,"Royal Albert Hall, London",Mick Fleetwood & Samantha Fox,True,False
Bros,Best British Newcomer,https://www.brits.co.uk/history/the-brits-1989/,1989,1989-02-13,"Royal Albert Hall, London",Mick Fleetwood & Samantha Fox,True,False
Fairground Attraction,Best British Single,https://www.brits.co.uk/history/the-brits-1989/,1989,1989-02-13,"Royal Albert Hall, London",Mick Fleetwood & Samantha Fox,False,True
Trevor Pinnock,Best Classical Recording,https://www.brits.co.uk/history/the-brits-1989/,1989,1989-02-13,"Royal Albert Hall, London",Mick Fleetwood & Samantha Fox,False,False
,Best International Female,https://www.brits.co.uk/history/the-brits-1989/,1989,1989-02-13,"Royal Albert Hall, London",Mick Fleetwood & Samantha Fox,True,False
U2,Best International Group,https://www.brits.co.uk/history/the-brits-1989/,1989,1989-02-13,"Royal Albert Hall, London",Mick Fleetwood & Samantha Fox,True,False
Michael Jackson,Best International Male,https://www.brits.co.uk/history/the-brits-1989/,1989,1989-02-13,"Royal Albert Hall, London",Mick Fleetwood & Samantha Fox,True,False
Tracy Chapman,Best International Newcomer,https://www.brits.co.uk/history/the-brits-1989/,1989,1989-02-13,"Royal Albert Hall, London",Mick Fleetwood & Samantha Fox,True,False
Michael Jackson,Best Music Video,https://www.brits.co.uk/history/the-brits-1989/,1989,1989-02-13,"Royal Albert Hall, London",Mick Fleetwood & Samantha Fox,False,False
Buster,Best Soundtrack/Cast Recording,https://www.brits.co.uk/history/the-brits-1989/,1989,1989-02-13,"Royal Albert Hall, London",Mick Fleetwood & Samantha Fox,False,False
Cliff Richard,Outstanding Contribution,https://www.brits.co.uk/history/the-brits-1989/,1989,1989-02-13,"Royal Albert Hall, London",Mick Fleetwood & Samantha Fox,True,False
Adele,Artist of the Year,https://www.brits.co.uk/history/the-brits-2022/,2022,2022-08-02,The O2,Mo Gilligan,True,False
Becky Hill,Best Dance Act,https://www.brits.co.uk/history/the-brits-2022/,2022,2022-08-02,The O2,Mo Gilligan,True,False
Wolf Alice,Best Group,https://www.brits.co.uk/history/the-brits-2022/,2022,2022-08-02,The O2,Mo Gilligan,True,False
Dave,Best Hip Hop/Grime/Rap Act,https://www.brits.co.uk/history/the-brits-2022/,2022,2022-08-02,The O2,Mo Gilligan,True,False
Little Simz,Best New Artist,https://www.brits.co.uk/history/the-brits-2022/,2022,2022-08-02,The O2,Mo Gilligan,True,False
Dua Lipa,Best Pop/R&B Act,https://www.brits.co.uk/history/the-brits-2022/,2022,2022-08-02,The O2,Mo Gilligan,True,False
Sam Fender,Best Rock/Alternative Act,https://www.brits.co.uk/history/the-brits-2022/,2022,2022-08-02,The O2,Mo Gilligan,True,False
Billie Eilish,International Artist of the Year,https://www.brits.co.uk/history/the-brits-2022/,2022,2022-08-02,The O2,Mo Gilligan,True,False
Silk Sonic,International Group of the Year,https://www.brits.co.uk/history/the-brits-2022/,2022,2022-08-02,The O2,Mo Gilligan,True,False
Olivia Rodrigo - good 4 u,International Song of the Year,https://www.brits.co.uk/history/the-brits-2022/,2022,2022-08-02,The O2,Mo Gilligan,False,False
Adele - 30,Mastercard Album of The Year,https://www.brits.co.uk/history/the-brits-2022/,2022,2022-08-02,The O2,Mo Gilligan,False,True
Adele - Easy On Me,Song of the Year,https://www.brits.co.uk/history/the-brits-2022/,2022,2022-08-02,The O2,Mo Gilligan,False,False
Harry Styles - 'Sign Of The Times',British Artist Video Of The Year,https://www.brits.co.uk/history/the-brits-2018/,2018,2018-02-21,The O2,Jack Whitehall,False,False
Dua Lipa,British Breakthrough Act,https://www.brits.co.uk/history/the-brits-2018/,2018,2018-02-21,The O2,Jack Whitehall,False,False
Dua Lipa,British Female Solo Artist,https://www.brits.co.uk/history/the-brits-2018/,2018,2018-02-21,The O2,Jack Whitehall,False,False
Gorillaz,British Group,https://www.brits.co.uk/history/the-brits-2018/,2018,2018-02-21,The O2,Jack Whitehall,False,False
Stormzy,British Male Solo Artist,https://www.brits.co.uk/history/the-brits-2018/,2018,2018-02-21,The O2,Jack Whitehall,False,False
Steve Mac,British Producer Of The Year,https://www.brits.co.uk/history/the-brits-2018/,2018,2018-02-21,The O2,Jack Whitehall,False,False
Rag'n'Bone Man - 'Human',British Single,https://www.brits.co.uk/history/the-brits-2018/,2018,2018-02-21,The O2,Jack Whitehall,False,False
Ed Sheeran,BRITs GLOBAL SUCCESS AWARD,https://www.brits.co.uk/history/the-brits-2018/,2018,2018-02-21,The O2,Jack Whitehall,False,False
Jorja Smith,Critics’ Choice,https://www.brits.co.uk/history/the-brits-2018/,2018,2018-02-21,The O2,Jack Whitehall,False,False
Lorde,International Female Solo Artist,https://www.brits.co.uk/history/the-brits-2018/,2018,2018-02-21,The O2,Jack Whitehall,False,False
Foo Fighters,International Group,https://www.brits.co.uk/history/the-brits-2018/,2018,2018-02-21,The O2,Jack Whitehall,False,False
Kendrick Lamar,International Male Solo Artist,https://www.brits.co.uk/history/the-brits-2018/,2018,2018-02-21,The O2,Jack Whitehall,False,False
Stormzy - 'Gang Signs & Prayer',Mastercard British Album Of The Year,https://www.brits.co.uk/history/the-brits-2018/,2018,2018-02-21,The O2,Jack Whitehall,False,False
Sade,Best British Album,https://www.brits.co.uk/history/the-brits-1985/,1985,1985-11-02,"Grosvenor House Hotel, London",Noel Edmonds,False,True
,Best British Comedy Recording,https://www.brits.co.uk/history/the-brits-1985/,1985,1985-11-02,"Grosvenor House Hotel, London",Noel Edmonds,False,False
Alison Moyet,Best British Female,https://www.brits.co.uk/history/the-brits-1985/,1985,1985-11-02,"Grosvenor House Hotel, London",Noel Edmonds,True,False
Wham,Best British Group,https://www.brits.co.uk/history/the-brits-1985/,1985,1985-11-02,"Grosvenor House Hotel, London",Noel Edmonds,True,False
Paul Young,Best British Male,https://www.brits.co.uk/history/the-brits-1985/,1985,1985-11-02,"Grosvenor House Hotel, London",Noel Edmonds,True,False
Frankie Goes To Hollywood,Best British Newcomer,https://www.brits.co.uk/history/the-brits-1985/,1985,1985-11-02,"Grosvenor House Hotel, London",Noel Edmonds,True,False
Trevor Horn,Best British Producer,https://www.brits.co.uk/history/the-brits-1985/,1985,1985-11-02,"Grosvenor House Hotel, London",Noel Edmonds,False,False
Frankie Goes To Hollywood,Best British Single,https://www.brits.co.uk/history/the-brits-1985/,1985,1985-11-02,"Grosvenor House Hotel, London",Noel Edmonds,False,True
Duran Duran,Best British Video,https://www.brits.co.uk/history/the-brits-1985/,1985,1985-11-02,"Grosvenor House Hotel, London",Noel Edmonds,False,False
Christopher Hogwood,Best Classical Recording,https://www.brits.co.uk/history/the-brits-1985/,1985,1985-11-02,"Grosvenor House Hotel, London",Noel Edmonds,False,False
Neil,Best Comedy Record,https://www.brits.co.uk/history/the-brits-1985/,1985,1985-11-02,"Grosvenor House Hotel, London",Noel Edmonds,False,False
,Best International Artist,https://www.brits.co.uk/history/the-brits-1985/,1985,1985-11-02,"Grosvenor House Hotel, London",Noel Edmonds,True,False
Prince,Best International Solo Artist,https://www.brits.co.uk/history/the-brits-1985/,1985,1985-11-02,"Grosvenor House Hotel, London",Noel Edmonds,True,False
,Best Soundtrack/Cast Recording,https://www.brits.co.uk/history/the-brits-1985/,1985,1985-11-02,"Grosvenor House Hotel, London",Noel Edmonds,False,False
Purple Rain,Best Soundtrack/Cast Recording,https://www.brits.co.uk/history/the-brits-1985/,1985,1985-11-02,"Grosvenor House Hotel, London",Noel Edmonds,False,False
The Police,Outstanding Contribution,https://www.brits.co.uk/history/the-brits-1985/,1985,1985-11-02,"Grosvenor House Hotel, London",Noel Edmonds,True,False
Bob Geldof,Special Award,https://www.brits.co.uk/history/the-brits-1985/,1985,1985-11-02,"Grosvenor House Hotel, London",Noel Edmonds,False,False
Annie Lennox,Best British Album,https://www.brits.co.uk/history/the-brits-1993/,1993,1993-02-16,"Alexandra Palace, London",Richard O'Brien,False,True
Annie Lennox,Best British Female,https://www.brits.co.uk/history/the-brits-1993/,1993,1993-02-16,"Alexandra Palace, London",Richard O'Brien,True,False
Simply Red,Best British Group,https://www.brits.co.uk/history/the-brits-1993/,1993,1993-02-16,"Alexandra Palace, London",Richard O'Brien,True,False
Mick Hucknall,Best British Male,https://www.brits.co.uk/history/the-brits-1993/,1993,1993-02-16,"Alexandra Palace, London",Richard O'Brien,True,False
Tasmin Archer,Best British Newcomer,https://www.brits.co.uk/history/the-brits-1993/,1993,1993-02-16,"Alexandra Palace, London",Richard O'Brien,True,False
Peter Gabriel,Best British Producer,https://www.brits.co.uk/history/the-brits-1993/,1993,1993-02-16,"Alexandra Palace, London",Richard O'Brien,False,False
Take That,Best British Single,https://www.brits.co.uk/history/the-brits-1993/,1993,1993-02-16,"Alexandra Palace, London",Richard O'Brien,False,True
Shakespears Sister,Best British Video,https://www.brits.co.uk/history/the-brits-1993/,1993,1993-02-16,"Alexandra Palace, London",Richard O'Brien,False,False
Nigel Kennedy,Best Classical Recording,https://www.brits.co.uk/history/the-brits-1993/,1993,1993-02-16,"Alexandra Palace, London",Richard O'Brien,False,False
REM,Best International Group,https://www.brits.co.uk/history/the-brits-1993/,1993,1993-02-16,"Alexandra Palace, London",Richard O'Brien,True,False
Nirvana,Best International Newcomer,https://www.brits.co.uk/history/the-brits-1993/,1993,1993-02-16,"Alexandra Palace, London",Richard O'Brien,True,False
Prince,Best International Solo Artist,https://www.brits.co.uk/history/the-brits-1993/,1993,1993-02-16,"Alexandra Palace, London",Richard O'Brien,True,False
U2,Best Live Act,https://www.brits.co.uk/history/the-brits-1993/,1993,1993-02-16,"Alexandra Palace, London",Richard O'Brien,True,False
Wayne's World,Best Soundtrack/Cast Recording,https://www.brits.co.uk/history/the-brits-1993/,1993,1993-02-16,"Alexandra Palace, London",Richard O'Brien,False,False
,Most Successful Live,https://www.brits.co.uk/history/the-brits-1993/,1993,1993-02-16,"Alexandra Palace, London",Richard O'Brien,False,False
Rod Stewart,Outstanding Contribution,https://www.brits.co.uk/history/the-brits-1993/,1993,1993-02-16,"Alexandra Palace, London",Richard O'Brien,True,False
Flood & Alan Moulder,Best Producer,https://www.brits.co.uk/history/the-brits-2014/,2014,2014-02-19,O2 Arena,James Corden,False,False
Bastille,British Breakthrough Act,https://www.brits.co.uk/history/the-brits-2014/,2014,2014-02-19,O2 Arena,James Corden,True,False
Ellie Goulding,British Female Solo Artist,https://www.brits.co.uk/history/the-brits-2014/,2014,2014-02-19,O2 Arena,James Corden,True,False
Arctic Monkeys,British Group,https://www.brits.co.uk/history/the-brits-2014/,2014,2014-02-19,O2 Arena,James Corden,True,False
David Bowie,British Male Solo Artist,https://www.brits.co.uk/history/the-brits-2014/,2014,2014-02-19,O2 Arena,James Corden,True,False
Rudimental,British Single,https://www.brits.co.uk/history/the-brits-2014/,2014,2014-02-19,O2 Arena,James Corden,False,True
One Direction,British Video,https://www.brits.co.uk/history/the-brits-2014/,2014,2014-02-19,O2 Arena,James Corden,False,False
Sam Smith,Critics' Choice Award,https://www.brits.co.uk/history/the-brits-2014/,2014,2014-02-19,O2 Arena,James Corden,False,False
Lorde,International Female Solo Artist,https://www.brits.co.uk/history/the-brits-2014/,2014,2014-02-19,O2 Arena,James Corden,True,False
Daft Punk,International Group,https://www.brits.co.uk/history/the-brits-2014/,2014,2014-02-19,O2 Arena,James Corden,True,False
Bruno Mars,International Male Solo Artist,https://www.brits.co.uk/history/the-brits-2014/,2014,2014-02-19,O2 Arena,James Corden,True,False
Arctic Monkeys,MasterCard British Album of the Year,https://www.brits.co.uk/history/the-brits-2014/,2014,2014-02-19,O2 Arena,James Corden,False,True
Dido,Best British Album,https://www.brits.co.uk/history/the-brits-2002/,2002,2002-02-20,"Earls Court 2, London",Frank Skinner & Zoe Ball,False,True
Basement Jaxx,Best British Dance Act,https://www.brits.co.uk/history/the-brits-2002/,2002,2002-02-20,"Earls Court 2, London",Frank Skinner & Zoe Ball,True,False
Dido,Best British Female,https://www.brits.co.uk/history/the-brits-2002/,2002,2002-02-20,"Earls Court 2, London",Frank Skinner & Zoe Ball,True,False
Travis,Best British Group,https://www.brits.co.uk/history/the-brits-2002/,2002,2002-02-20,"Earls Court 2, London",Frank Skinner & Zoe Ball,True,False
Robbie Williams,Best British Male,https://www.brits.co.uk/history/the-brits-2002/,2002,2002-02-20,"Earls Court 2, London",Frank Skinner & Zoe Ball,True,False
Blue,Best British Newcomer,https://www.brits.co.uk/history/the-brits-2002/,2002,2002-02-20,"Earls Court 2, London",Frank Skinner & Zoe Ball,True,False
S Club 7,Best British Single,https://www.brits.co.uk/history/the-brits-2002/,2002,2002-02-20,"Earls Court 2, London",Frank Skinner & Zoe Ball,False,True
So Solid Crew,Best British Video,https://www.brits.co.uk/history/the-brits-2002/,2002,2002-02-20,"Earls Court 2, London",Frank Skinner & Zoe Ball,False,False
Kylie Minogue,Best International Album,https://www.brits.co.uk/history/the-brits-2002/,2002,2002-02-20,"Earls Court 2, London",Frank Skinner & Zoe Ball,False,True
Kylie Minogue,Best International Female,https://www.brits.co.uk/history/the-brits-2002/,2002,2002-02-20,"Earls Court 2, London",Frank Skinner & Zoe Ball,True,False
Destiny's Child,Best International Group,https://www.brits.co.uk/history/the-brits-2002/,2002,2002-02-20,"Earls Court 2, London",Frank Skinner & Zoe Ball,True,False
Shaggy,Best International Male,https://www.brits.co.uk/history/the-brits-2002/,2002,2002-02-20,"Earls Court 2, London",Frank Skinner & Zoe Ball,True,False
The Strokes,Best International Newcomer,https://www.brits.co.uk/history/the-brits-2002/,2002,2002-02-20,"Earls Court 2, London",Frank Skinner & Zoe Ball,True,False
Westlife,Best Pop Act,https://www.brits.co.uk/history/the-brits-2002/,2002,2002-02-20,"Earls Court 2, London",Frank Skinner & Zoe Ball,True,False
,MasterCard British Album,https://www.brits.co.uk/history/the-brits-2002/,2002,2002-02-20,"Earls Court 2, London",Frank Skinner & Zoe Ball,False,True
Sting,Outstanding Contribution,https://www.brits.co.uk/history/the-brits-2002/,2002,2002-02-20,"Earls Court 2, London",Frank Skinner & Zoe Ball,True,False
,Pop Act,https://www.brits.co.uk/history/the-brits-2002/,2002,2002-02-20,"Earls Court 2, London",Frank Skinner & Zoe Ball,True,False
Coldplay,Best British Album,https://www.brits.co.uk/history/the-brits-2003/,2003,2003-02-20,"Earls Court 2, London",Davina McCall,False,True
,Best British Breakthrough Act,https://www.brits.co.uk/history/the-brits-2003/,2003,2003-02-20,"Earls Court 2, London",Davina McCall,True,False
Sugababes,Best British Dance Act,https://www.brits.co.uk/history/the-brits-2003/,2003,2003-02-20,"Earls Court 2, London",Davina McCall,True,False
Ms Dynamite,Best British Female,https://www.brits.co.uk/history/the-brits-2003/,2003,2003-02-20,"Earls Court 2, London",Davina McCall,True,False
Coldplay,Best British Group,https://www.brits.co.uk/history/the-brits-2003/,2003,2003-02-20,"Earls Court 2, London",Davina McCall,True,False
Robbie Williams,Best British Male,https://www.brits.co.uk/history/the-brits-2003/,2003,2003-02-20,"Earls Court 2, London",Davina McCall,True,False
Liberty X,Best British Single,https://www.brits.co.uk/history/the-brits-2003/,2003,2003-02-20,"Earls Court 2, London",Davina McCall,False,True
,Best British Urban Act,https://www.brits.co.uk/history/the-brits-2003/,2003,2003-02-20,"Earls Court 2, London",Davina McCall,True,False
Eminem,Best International Album,https://www.brits.co.uk/history/the-brits-2003/,2003,2003-02-20,"Earls Court 2, London",Davina McCall,False,True
Norah Jones,Best International Breakthrough Act,https://www.brits.co.uk/history/the-brits-2003/,2003,2003-02-20,"Earls Court 2, London",Davina McCall,True,False
Pink,Best International Female,https://www.brits.co.uk/history/the-brits-2003/,2003,2003-02-20,"Earls Court 2, London",Davina McCall,True,False
Red Hot Chili Peppers,Best International Group,https://www.brits.co.uk/history/the-brits-2003/,2003,2003-02-20,"Earls Court 2, London",Davina McCall,True,False
Eminem,Best International Male,https://www.brits.co.uk/history/the-brits-2003/,2003,2003-02-20,"Earls Court 2, London",Davina McCall,True,False
Blue,Best Pop Act,https://www.brits.co.uk/history/the-brits-2003/,2003,2003-02-20,"Earls Court 2, London",Davina McCall,True,False
Will Young,British Breakthrough Artist,https://www.brits.co.uk/history/the-brits-2003/,2003,2003-02-20,"Earls Court 2, London",Davina McCall,True,False
Ms Dynamite,British Urban Act,https://www.brits.co.uk/history/the-brits-2003/,2003,2003-02-20,"Earls Court 2, London",Davina McCall,True,False
Nora Jones,International Breakthrough Artist,https://www.brits.co.uk/history/the-brits-2003/,2003,2003-02-20,"Earls Court 2, London",Davina McCall,True,False
,MasterCard British Album,https://www.brits.co.uk/history/the-brits-2003/,2003,2003-02-20,"Earls Court 2, London",Davina McCall,False,True
Tom Jones,Outstanding Contribution,https://www.brits.co.uk/history/the-brits-2003/,2003,2003-02-20,"Earls Court 2, London",Davina McCall,True,False
,Pop Act,https://www.brits.co.uk/history/the-brits-2003/,2003,2003-02-20,"Earls Court 2, London",Davina McCall,True,False
Sam Smith,British Breakthrough Act,https://www.brits.co.uk/history/the-brits-2015/,2015,2015-02-25,The O2,Ant & Dec,True,False
Paloma Faith,British Female Solo Artist,https://www.brits.co.uk/history/the-brits-2015/,2015,2015-02-25,The O2,Ant & Dec,True,False
Royal Blood,British Group,https://www.brits.co.uk/history/the-brits-2015/,2015,2015-02-25,The O2,Ant & Dec,True,False
Ed Sheeran,British Male Solo Artist,https://www.brits.co.uk/history/the-brits-2015/,2015,2015-02-25,The O2,Ant & Dec,True,False
Paul Epworth,British Producer,https://www.brits.co.uk/history/the-brits-2015/,2015,2015-02-25,The O2,Ant & Dec,False,False
Mark Ronson ft Bruno Mars - 'Uptown Funk',British Single,https://www.brits.co.uk/history/the-brits-2015/,2015,2015-02-25,The O2,Ant & Dec,False,True
One  Direction,British Video,https://www.brits.co.uk/history/the-brits-2015/,2015,2015-02-25,The O2,Ant & Dec,False,False
Sam Smith,BRITs Global Success Award,https://www.brits.co.uk/history/the-brits-2015/,2015,2015-02-25,The O2,Ant & Dec,False,False
James Bay,Critics' Choice Award,https://www.brits.co.uk/history/the-brits-2015/,2015,2015-02-25,The O2,Ant & Dec,False,False
Taylor Swift,International Female Solo Artist,https://www.brits.co.uk/history/the-brits-2015/,2015,2015-02-25,The O2,Ant & Dec,True,False
Foo Fighters,International Group,https://www.brits.co.uk/history/the-brits-2015/,2015,2015-02-25,The O2,Ant & Dec,True,False
Pharrell Williams,International Male Solo Artist,https://www.brits.co.uk/history/the-brits-2015/,2015,2015-02-25,The O2,Ant & Dec,True,False
Ed Sheeran - 'X',MasterCard British Album,https://www.brits.co.uk/history/the-brits-2015/,2015,2015-02-25,The O2,Ant & Dec,False,True
Seal,Best British Album,https://www.brits.co.uk/history/the-brits-1992/,1992,1992-12-02,"Hammersmith Odeon, London",Simon Bates (voice over),False,True
Lisa Stansfield,Best British Female,https://www.brits.co.uk/history/the-brits-1992/,1992,1992-12-02,"Hammersmith Odeon, London",Simon Bates (voice over),True,False
Simply Red,Best British Group,https://www.brits.co.uk/history/the-brits-1992/,1992,1992-12-02,"Hammersmith Odeon, London",Simon Bates (voice over),True,False
Seal,Best British Male,https://www.brits.co.uk/history/the-brits-1992/,1992,1992-12-02,"Hammersmith Odeon, London",Simon Bates (voice over),True,False
Beverley Craven,Best British Newcomer,https://www.brits.co.uk/history/the-brits-1992/,1992,1992-12-02,"Hammersmith Odeon, London",Simon Bates (voice over),True,False
Trevor Horn,Best British Producer,https://www.brits.co.uk/history/the-brits-1992/,1992,1992-12-02,"Hammersmith Odeon, London",Simon Bates (voice over),False,False
Queen,Best British Single,https://www.brits.co.uk/history/the-brits-1992/,1992,1992-12-02,"Hammersmith Odeon, London",Simon Bates (voice over),False,True
Seal,Best British Video,https://www.brits.co.uk/history/the-brits-1992/,1992,1992-12-02,"Hammersmith Odeon, London",Simon Bates (voice over),False,False
,Best Classical Recording,https://www.brits.co.uk/history/the-brits-1992/,1992,1992-12-02,"Hammersmith Odeon, London",Simon Bates (voice over),False,False
REM,Best International Group,https://www.brits.co.uk/history/the-brits-1992/,1992,1992-12-02,"Hammersmith Odeon, London",Simon Bates (voice over),True,False
PM Dawn,Best International Newcomer,https://www.brits.co.uk/history/the-brits-1992/,1992,1992-12-02,"Hammersmith Odeon, London",Simon Bates (voice over),True,False
Prince,Best International Solo Artist,https://www.brits.co.uk/history/the-brits-1992/,1992,1992-12-02,"Hammersmith Odeon, London",Simon Bates (voice over),True,False
The Commitments,Best Soundtrack/Cast Recording,https://www.brits.co.uk/history/the-brits-1992/,1992,1992-12-02,"Hammersmith Odeon, London",Simon Bates (voice over),False,False
Freddie Mercury,Outstanding Contribution,https://www.brits.co.uk/history/the-brits-1992/,1992,1992-12-02,"Hammersmith Odeon, London",Simon Bates (voice over),True,False
Annie Lennox,Best British Female,https://www.brits.co.uk/history/the-brits-1984/,1984,1984-02-21,"Grosvenor House Hotel, London",Tim Rice,True,False
Culture Club,Best British Group,https://www.brits.co.uk/history/the-brits-1984/,1984,1984-02-21,"Grosvenor House Hotel, London",Tim Rice,True,False
David Bowie,Best British Male,https://www.brits.co.uk/history/the-brits-1984/,1984,1984-02-21,"Grosvenor House Hotel, London",Tim Rice,True,False
Paul Young,Best British Newcomer,https://www.brits.co.uk/history/the-brits-1984/,1984,1984-02-21,"Grosvenor House Hotel, London",Tim Rice,True,False
Steve Levine,Best British Producer,https://www.brits.co.uk/history/the-brits-1984/,1984,1984-02-21,"Grosvenor House Hotel, London",Tim Rice,False,False
Culture Club,Best British Single,https://www.brits.co.uk/history/the-brits-1984/,1984,1984-02-21,"Grosvenor House Hotel, London",Tim Rice,False,True
Kiri Te Kanawa,Best Classical Recording,https://www.brits.co.uk/history/the-brits-1984/,1984,1984-02-21,"Grosvenor House Hotel, London",Tim Rice,False,False
Michael Jackson,Best International Artist,https://www.brits.co.uk/history/the-brits-1984/,1984,1984-02-21,"Grosvenor House Hotel, London",Tim Rice,True,False
Michael Jackson,Best Selling Album,https://www.brits.co.uk/history/the-brits-1984/,1984,1984-02-21,"Grosvenor House Hotel, London",Tim Rice,False,True
,Best Selling Single,https://www.brits.co.uk/history/the-brits-1984/,1984,1984-02-21,"Grosvenor House Hotel, London",Tim Rice,False,True
George Martin,Outstanding Contribution,https://www.brits.co.uk/history/the-brits-1984/,1984,1984-02-21,"Grosvenor House Hotel, London",Tim Rice,True,False
Spandau Ballet,Sony Trophy for Technical Excellence,https://www.brits.co.uk/history/the-brits-1984/,1984,1984-02-21,"Grosvenor House Hotel, London",Tim Rice,False,False
Little Mix feat. Nicki Minaj - 'Woman Like Me',British Artist Video Of The Year,https://www.brits.co.uk/history/the-brits-2019/,2019,2019-02-20,The O2,Jack Whitehall,False,False
Tom Walker,British Breakthrough Act,https://www.brits.co.uk/history/the-brits-2019/,2019,2019-02-20,The O2,Jack Whitehall,False,False
Jorja Smith,British Female Solo Artist,https://www.brits.co.uk/history/the-brits-2019/,2019,2019-02-20,The O2,Jack Whitehall,False,False
The 1975,British Group,https://www.brits.co.uk/history/the-brits-2019/,2019,2019-02-20,The O2,Jack Whitehall,False,False
George Ezra,British Male Solo Artist,https://www.brits.co.uk/history/the-brits-2019/,2019,2019-02-20,The O2,Jack Whitehall,False,False
Calvin Harris,British Producer Of The Year,https://www.brits.co.uk/history/the-brits-2019/,2019,2019-02-20,The O2,Jack Whitehall,False,False
Calvin Harris & Dua Lipa - 'One Kiss',British Single,https://www.brits.co.uk/history/the-brits-2019/,2019,2019-02-20,The O2,Jack Whitehall,False,False
Sam Fender,Critics' Choice,https://www.brits.co.uk/history/the-brits-2019/,2019,2019-02-20,The O2,Jack Whitehall,False,False
Ed Sheeran,Global Success Award,https://www.brits.co.uk/history/the-brits-2019/,2019,2019-02-20,The O2,Jack Whitehall,False,False
Ariana Grande,International Female Solo Artist,https://www.brits.co.uk/history/the-brits-2019/,2019,2019-02-20,The O2,Jack Whitehall,False,False
The Carters,International Group,https://www.brits.co.uk/history/the-brits-2019/,2019,2019-02-20,The O2,Jack Whitehall,False,False
Drake,International Male Solo Artist,https://www.brits.co.uk/history/the-brits-2019/,2019,2019-02-20,The O2,Jack Whitehall,False,False
The 1975 - 'A Brief Inquiry into Online Relationships',Mastercard British Album Of The Year,https://www.brits.co.uk/history/the-brits-2019/,2019,2019-02-20,The O2,Jack Whitehall,False,False
Pink,Outstanding Contribution To Music Award,https://www.brits.co.uk/history/the-brits-2019/,2019,2019-02-20,The O2,Jack Whitehall,False,False
Harry Styles,Artist of The Year,https://www.brits.co.uk/history/the-brits-2023/,2023,2023-11-02,The O2,Mo Gilligan,True,False
Becky Hill,Best Dance Act,https://www.brits.co.uk/history/the-brits-2023/,2023,2023-11-02,The O2,Mo Gilligan,True,False
Aitch,Best Hip Hop/Grime/Rap Act,https://www.brits.co.uk/history/the-brits-2023/,2023,2023-11-02,The O2,Mo Gilligan,True,False
Wet Leg,Best New Artist,https://www.brits.co.uk/history/the-brits-2023/,2023,2023-11-02,The O2,Mo Gilligan,True,False
Harry Styles,Best Pop/R&B Act,https://www.brits.co.uk/history/the-brits-2023/,2023,2023-11-02,The O2,Mo Gilligan,True,False
The 1975,Best Rock/Alternative Act,https://www.brits.co.uk/history/the-brits-2023/,2023,2023-11-02,The O2,Mo Gilligan,True,False
Wet Leg,Group of the Year,https://www.brits.co.uk/history/the-brits-2023/,2023,2023-11-02,The O2,Mo Gilligan,True,False
Beyoncé,International Artist of the Year,https://www.brits.co.uk/history/the-brits-2023/,2023,2023-11-02,The O2,Mo Gilligan,True,False
Fontaines D.C.,International Group of the Year,https://www.brits.co.uk/history/the-brits-2023/,2023,2023-11-02,The O2,Mo Gilligan,True,False
Beyoncé - Break My Soul,International Song of the Year,https://www.brits.co.uk/history/the-brits-2023/,2023,2023-11-02,The O2,Mo Gilligan,False,False
Harry Styles - Harry's House,Mastercard Album of the Year,https://www.brits.co.uk/history/the-brits-2023/,2023,2023-11-02,The O2,Mo Gilligan,False,True
David Guetta,Producer of the Year,https://www.brits.co.uk/history/the-brits-2023/,2023,2023-11-02,The O2,Mo Gilligan,False,False
Harry Styles - As It Was,Song of The Year,https://www.brits.co.uk/history/the-brits-2023/,2023,2023-11-02,The O2,Mo Gilligan,False,False
Sting,Best British Album,https://www.brits.co.uk/history/the-brits-1988/,1988,1988-08-02,"Royal Albert Hall, London",Noel Edmonds,False,True
Alison Moyet,Best British Female,https://www.brits.co.uk/history/the-brits-1988/,1988,1988-08-02,"Royal Albert Hall, London",Noel Edmonds,True,False
Pet Shop Boys,Best British Group,https://www.brits.co.uk/history/the-brits-1988/,1988,1988-08-02,"Royal Albert Hall, London",Noel Edmonds,True,False
George Michael,Best British Male,https://www.brits.co.uk/history/the-brits-1988/,1988,1988-08-02,"Royal Albert Hall, London",Noel Edmonds,True,False
Wet Wet Wet,Best British Newcomer,https://www.brits.co.uk/history/the-brits-1988/,1988,1988-08-02,"Royal Albert Hall, London",Noel Edmonds,True,False
Aitkin & Waterman,Best British Producer,https://www.brits.co.uk/history/the-brits-1988/,1988,1988-08-02,"Royal Albert Hall, London",Noel Edmonds,False,False
Rick Astley,Best British Single,https://www.brits.co.uk/history/the-brits-1988/,1988,1988-08-02,"Royal Albert Hall, London",Noel Edmonds,False,True
New Order,Best British Video,https://www.brits.co.uk/history/the-brits-1988/,1988,1988-08-02,"Royal Albert Hall, London",Noel Edmonds,False,False
Vernon Handley,Best Classical Recording,https://www.brits.co.uk/history/the-brits-1988/,1988,1988-08-02,"Royal Albert Hall, London",Noel Edmonds,False,False
Tracy Chapman,Best International Female,https://www.brits.co.uk/history/the-brits-1988/,1988,1988-08-02,"Royal Albert Hall, London",Noel Edmonds,True,False
U2,Best International Group,https://www.brits.co.uk/history/the-brits-1988/,1988,1988-08-02,"Royal Albert Hall, London",Noel Edmonds,True,False
Terence Trent D'Arby,Best International Newcomer,https://www.brits.co.uk/history/the-brits-1988/,1988,1988-08-02,"Royal Albert Hall, London",Noel Edmonds,True,False
Michael Jackson,Best International Solo Artist,https://www.brits.co.uk/history/the-brits-1988/,1988,1988-08-02,"Royal Albert Hall, London",Noel Edmonds,True,False
,Best Music Video,https://www.brits.co.uk/history/the-brits-1988/,1988,1988-08-02,"Royal Albert Hall, London",Noel Edmonds,False,False
Phantom Of The Opera,Best Soundtrack/Cast Recording,https://www.brits.co.uk/history/the-brits-1988/,1988,1988-08-02,"Royal Albert Hall, London",Noel Edmonds,False,False
The Who,Outstanding Contribution,https://www.brits.co.uk/history/the-brits-1988/,1988,1988-08-02,"Royal Albert Hall, London",Noel Edmonds,True,False
Yazoo,Best British Newcomer,https://www.brits.co.uk/history/the-brits-1983/,1983,1983-08-02,"Grosvenor House Hotel, London",Tim Rice,True,False
Trevor Horn,Best British Producer,https://www.brits.co.uk/history/the-brits-1983/,1983,1983-08-02,"Grosvenor House Hotel, London",Tim Rice,False,False
Dexys Midnight Runners,Best British Single,https://www.brits.co.uk/history/the-brits-1983/,1983,1983-08-02,"Grosvenor House Hotel, London",Tim Rice,False,True
John Williams,Best Classical Recording,https://www.brits.co.uk/history/the-brits-1983/,1983,1983-08-02,"Grosvenor House Hotel, London",Tim Rice,False,False
,Best International Artist,https://www.brits.co.uk/history/the-brits-1983/,1983,1983-08-02,"Grosvenor House Hotel, London",Tim Rice,True,False
Kid Creole,Best International Solo Artist,https://www.brits.co.uk/history/the-brits-1983/,1983,1983-08-02,"Grosvenor House Hotel, London",Tim Rice,True,False
Barbara Streisand,Best Selling Album,https://www.brits.co.uk/history/the-brits-1983/,1983,1983-08-02,"Grosvenor House Hotel, London",Tim Rice,False,True
Pete Townsend,Life Acheivement,https://www.brits.co.uk/history/the-brits-1983/,1983,1983-08-02,"Grosvenor House Hotel, London",Tim Rice,False,False
The Beatles,Outstanding Contribution,https://www.brits.co.uk/history/the-brits-1983/,1983,1983-08-02,"Grosvenor House Hotel, London",Tim Rice,True,False
Paul McCartney,Sony Trophy for Technical Excellence,https://www.brits.co.uk/history/the-brits-1983/,1983,1983-08-02,"Grosvenor House Hotel, London",Tim Rice,False,False
Chris Wright,Special Award,https://www.brits.co.uk/history/the-brits-1983/,1983,1983-08-02,"Grosvenor House Hotel, London",Tim Rice,False,False
Blur,Best British Album,https://www.brits.co.uk/history/the-brits-1995/,1995,1995-02-20,"Alexandra Palace, London",Chris Evans,False,True
M People,Best British Dance Act,https://www.brits.co.uk/history/the-brits-1995/,1995,1995-02-20,"Alexandra Palace, London",Chris Evans,True,False
Eddie Reader,Best British Female,https://www.brits.co.uk/history/the-brits-1995/,1995,1995-02-20,"Alexandra Palace, London",Chris Evans,True,False
Blur,Best British Group,https://www.brits.co.uk/history/the-brits-1995/,1995,1995-02-20,"Alexandra Palace, London",Chris Evans,True,False
Paul Weller,Best British Male,https://www.brits.co.uk/history/the-brits-1995/,1995,1995-02-20,"Alexandra Palace, London",Chris Evans,True,False
Oasis,Best British Newcomer,https://www.brits.co.uk/history/the-brits-1995/,1995,1995-02-20,"Alexandra Palace, London",Chris Evans,True,False
Nellee Hooper,Best British Producer,https://www.brits.co.uk/history/the-brits-1995/,1995,1995-02-20,"Alexandra Palace, London",Chris Evans,False,False
Blur,Best British Single,https://www.brits.co.uk/history/the-brits-1995/,1995,1995-02-20,"Alexandra Palace, London",Chris Evans,False,True
Blur,Best British Video,https://www.brits.co.uk/history/the-brits-1995/,1995,1995-02-20,"Alexandra Palace, London",Chris Evans,False,False
k.d. lang,Best International Female,https://www.brits.co.uk/history/the-brits-1995/,1995,1995-02-20,"Alexandra Palace, London",Chris Evans,True,False
REM,Best International Group,https://www.brits.co.uk/history/the-brits-1995/,1995,1995-02-20,"Alexandra Palace, London",Chris Evans,True,False
Prince,Best International Male,https://www.brits.co.uk/history/the-brits-1995/,1995,1995-02-20,"Alexandra Palace, London",Chris Evans,True,False
Lisa Lobe,Best International Newcomer,https://www.brits.co.uk/history/the-brits-1995/,1995,1995-02-20,"Alexandra Palace, London",Chris Evans,True,False
Pulp Ficton,Best Soundtrack/Cast Recording,https://www.brits.co.uk/history/the-brits-1995/,1995,1995-02-20,"Alexandra Palace, London",Chris Evans,False,False
Elton John,Outstanding Contribution,https://www.brits.co.uk/history/the-brits-1995/,1995,1995-02-20,"Alexandra Palace, London",Chris Evans,True,False
Ed Sheeran,British Breakthrough Act,https://www.brits.co.uk/history/the-brits-2012/,2012,2012-02-21,O2 Arena,James Corden,True,False
Adele,British Female Solo Artist,https://www.brits.co.uk/history/the-brits-2012/,2012,2012-02-21,O2 Arena,James Corden,True,False
Coldplay,British Group,https://www.brits.co.uk/history/the-brits-2012/,2012,2012-02-21,O2 Arena,James Corden,True,False
Ed Sheeran,British Male Solo Artist,https://www.brits.co.uk/history/the-brits-2012/,2012,2012-02-21,O2 Arena,James Corden,True,False
,British Producer,https://www.brits.co.uk/history/the-brits-2012/,2012,2012-02-21,O2 Arena,James Corden,False,False
One Direction,British Single,https://www.brits.co.uk/history/the-brits-2012/,2012,2012-02-21,O2 Arena,James Corden,False,True
Emeli Sandé,Critics Choice,https://www.brits.co.uk/history/the-brits-2012/,2012,2012-02-21,O2 Arena,James Corden,False,False
Lana Del Rey,International Breakthrough Act,https://www.brits.co.uk/history/the-brits-2012/,2012,2012-02-21,O2 Arena,James Corden,True,False
Rihanna,International Female Solo Artist,https://www.brits.co.uk/history/the-brits-2012/,2012,2012-02-21,O2 Arena,James Corden,True,False
Foo Fighters,International Group,https://www.brits.co.uk/history/the-brits-2012/,2012,2012-02-21,O2 Arena,James Corden,True,False
Bruno Mars,International Male Solo Artist,https://www.brits.co.uk/history/the-brits-2012/,2012,2012-02-21,O2 Arena,James Corden,True,False
Adele,MasterCard British Album of the Year,https://www.brits.co.uk/history/the-brits-2012/,2012,2012-02-21,O2 Arena,James Corden,False,True
Blur,Outstanding Contribution to Music,https://www.brits.co.uk/history/the-brits-2012/,2012,2012-02-21,O2 Arena,James Corden,True,False
,Ryan Adams,https://www.brits.co.uk/history/the-brits-2012/,2012,2012-02-21,O2 Arena,James Corden,False,False
,Best British Breakthrough Act,https://www.brits.co.uk/history/the-brits-2004/,2004,2004-02-17,"Earls Court 2, London",Cat Deeley,True,False
Basement Jaxx,Best British Dance Act,https://www.brits.co.uk/history/the-brits-2004/,2004,2004-02-17,"Earls Court 2, London",Cat Deeley,True,False
Dido,Best British Female,https://www.brits.co.uk/history/the-brits-2004/,2004,2004-02-17,"Earls Court 2, London",Cat Deeley,True,False
The Darkness,Best British Group,https://www.brits.co.uk/history/the-brits-2004/,2004,2004-02-17,"Earls Court 2, London",Cat Deeley,True,False
Daniel Bedingfield,Best British Male,https://www.brits.co.uk/history/the-brits-2004/,2004,2004-02-17,"Earls Court 2, London",Cat Deeley,True,False
,Best British Rock Act,https://www.brits.co.uk/history/the-brits-2004/,2004,2004-02-17,"Earls Court 2, London",Cat Deeley,True,False
Dido,Best British Single,https://www.brits.co.uk/history/the-brits-2004/,2004,2004-02-17,"Earls Court 2, London",Cat Deeley,False,True
,Best British Urban Act,https://www.brits.co.uk/history/the-brits-2004/,2004,2004-02-17,"Earls Court 2, London",Cat Deeley,True,False
Justin Timberlake,Best International Album,https://www.brits.co.uk/history/the-brits-2004/,2004,2004-02-17,"Earls Court 2, London",Cat Deeley,False,True
,Best International Breakthrough Act,https://www.brits.co.uk/history/the-brits-2004/,2004,2004-02-17,"Earls Court 2, London",Cat Deeley,True,False
Beyonce,Best International Female,https://www.brits.co.uk/history/the-brits-2004/,2004,2004-02-17,"Earls Court 2, London",Cat Deeley,True,False
The White Stripes,Best International Group,https://www.brits.co.uk/history/the-brits-2004/,2004,2004-02-17,"Earls Court 2, London",Cat Deeley,True,False
Justin Timberlake,Best International Male,https://www.brits.co.uk/history/the-brits-2004/,2004,2004-02-17,"Earls Court 2, London",Cat Deeley,True,False
Busted,Best Pop Act,https://www.brits.co.uk/history/the-brits-2004/,2004,2004-02-17,"Earls Court 2, London",Cat Deeley,True,False
Busted,British Breakthrough Artist,https://www.brits.co.uk/history/the-brits-2004/,2004,2004-02-17,"Earls Court 2, London",Cat Deeley,True,False
The Darkness,British Rock Act,https://www.brits.co.uk/history/the-brits-2004/,2004,2004-02-17,"Earls Court 2, London",Cat Deeley,True,False
Lemar,British Urban Act,https://www.brits.co.uk/history/the-brits-2004/,2004,2004-02-17,"Earls Court 2, London",Cat Deeley,True,False
50 Cent,International Breakthrough Artist,https://www.brits.co.uk/history/the-brits-2004/,2004,2004-02-17,"Earls Court 2, London",Cat Deeley,True,False
The Darkness,MasterCard British Album,https://www.brits.co.uk/history/the-brits-2004/,2004,2004-02-17,"Earls Court 2, London",Cat Deeley,False,True
Duran Duran,Outstanding Contribution,https://www.brits.co.uk/history/the-brits-2004/,2004,2004-02-17,"Earls Court 2, London",Cat Deeley,True,False
,Pop Act,https://www.brits.co.uk/history/the-brits-2004/,2004,2004-02-17,"Earls Court 2, London",Cat Deeley,True,False
Bring Me The Horizon,Alternative/Rock Act,https://www.brits.co.uk/history/the-brits-2024/,2024,2024-02-03,The O2,"Clara Amfo, Roman Kemp, Maya Jama",True,False
RAYE,Artist of the Year,https://www.brits.co.uk/history/the-brits-2024/,2024,2024-02-03,The O2,"Clara Amfo, Roman Kemp, Maya Jama",True,False
RAYE,Best New Artist in association with TRESemme,https://www.brits.co.uk/history/the-brits-2024/,2024,2024-02-03,The O2,"Clara Amfo, Roman Kemp, Maya Jama",True,False
Calvin Harris,Dance Act,https://www.brits.co.uk/history/the-brits-2024/,2024,2024-02-03,The O2,"Clara Amfo, Roman Kemp, Maya Jama",True,False
Kylie Minogue,Global Icon,https://www.brits.co.uk/history/the-brits-2024/,2024,2024-02-03,The O2,"Clara Amfo, Roman Kemp, Maya Jama",False,False
Jungle,Group of the Year,https://www.brits.co.uk/history/the-brits-2024/,2024,2024-02-03,The O2,"Clara Amfo, Roman Kemp, Maya Jama",True,False
CASISDEAD,Hip Hop/Grime/Rap Act,https://www.brits.co.uk/history/the-brits-2024/,2024,2024-02-03,The O2,"Clara Amfo, Roman Kemp, Maya Jama",True,False
SZA,International Artist of the Year,https://www.brits.co.uk/history/the-brits-2024/,2024,2024-02-03,The O2,"Clara Amfo, Roman Kemp, Maya Jama",True,False
boygenius,International Group of the Year,https://www.brits.co.uk/history/the-brits-2024/,2024,2024-02-03,The O2,"Clara Amfo, Roman Kemp, Maya Jama",True,False
Miley Cyrus - Flowers,International Song of the Year,https://www.brits.co.uk/history/the-brits-2024/,2024,2024-02-03,The O2,"Clara Amfo, Roman Kemp, Maya Jama",False,False
RAYE - My 21st Century Blues,Mastercard Album of the Year,https://www.brits.co.uk/history/the-brits-2024/,2024,2024-02-03,The O2,"Clara Amfo, Roman Kemp, Maya Jama",False,True
Dua Lipa,Pop Act,https://www.brits.co.uk/history/the-brits-2024/,2024,2024-02-03,The O2,"Clara Amfo, Roman Kemp, Maya Jama",True,False
Chase & Status,Producer of the Year,https://www.brits.co.uk/history/the-brits-2024/,2024,2024-02-03,The O2,"Clara Amfo, Roman Kemp, Maya Jama",False,False
RAYE,R&B Act,https://www.brits.co.uk/history/the-brits-2024/,2024,2024-02-03,The O2,"Clara Amfo, Roman Kemp, Maya Jama",True,False
The Last Dinner Party,Rising Star,https://www.brits.co.uk/history/the-brits-2024/,2024,2024-02-03,The O2,"Clara Amfo, Roman Kemp, Maya Jama",False,False
RAYE ft. 070 Shake - Escapism.,Song of the Year with Mastercard,https://www.brits.co.uk/history/the-brits-2024/,2024,2024-02-03,The O2,"Clara Amfo, Roman Kemp, Maya Jama",False,False
RAYE,Songwriter of the Year,https://www.brits.co.uk/history/the-brits-2024/,2024,2024-02-03,The O2,"Clara Amfo, Roman Kemp, Maya Jama",False,False
Manic Street Preachers,Best British Album,https://www.brits.co.uk/history/the-brits-1999/,1999,1999-02-16,"London Arena, London",Johnny Vaughan,False,True
Fatboy Slim,Best British Dance Act,https://www.brits.co.uk/history/the-brits-1999/,1999,1999-02-16,"London Arena, London",Johnny Vaughan,True,False
Des'ree,Best British Female,https://www.brits.co.uk/history/the-brits-1999/,1999,1999-02-16,"London Arena, London",Johnny Vaughan,True,False
Manic Street Preachers,Best British Group,https://www.brits.co.uk/history/the-brits-1999/,1999,1999-02-16,"London Arena, London",Johnny Vaughan,True,False
Robbie Williams,Best British Male,https://www.brits.co.uk/history/the-brits-1999/,1999,1999-02-16,"London Arena, London",Johnny Vaughan,True,False
Belle & Sebastian,Best British Newcomer,https://www.brits.co.uk/history/the-brits-1999/,1999,1999-02-16,"London Arena, London",Johnny Vaughan,True,False
Robbie Williams,Best British Single,https://www.brits.co.uk/history/the-brits-1999/,1999,1999-02-16,"London Arena, London",Johnny Vaughan,False,True
Robbie Williams,Best British Video,https://www.brits.co.uk/history/the-brits-1999/,1999,1999-02-16,"London Arena, London",Johnny Vaughan,False,False
Natalie Imbruglia,Best International Female,https://www.brits.co.uk/history/the-brits-1999/,1999,1999-02-16,"London Arena, London",Johnny Vaughan,True,False
Corrs,Best International Group,https://www.brits.co.uk/history/the-brits-1999/,1999,1999-02-16,"London Arena, London",Johnny Vaughan,True,False
Beck,Best International Male,https://www.brits.co.uk/history/the-brits-1999/,1999,1999-02-16,"London Arena, London",Johnny Vaughan,True,False
Natalie Inbruglia,Best International Newcomer,https://www.brits.co.uk/history/the-brits-1999/,1999,1999-02-16,"London Arena, London",Johnny Vaughan,True,False
Titanic,Best Soundtrack/Cast Recording,https://www.brits.co.uk/history/the-brits-1999/,1999,1999-02-16,"London Arena, London",Johnny Vaughan,False,False
,Freddie Mercury,https://www.brits.co.uk/history/the-brits-1999/,1999,1999-02-16,"London Arena, London",Johnny Vaughan,False,False
,MasterCard British Album,https://www.brits.co.uk/history/the-brits-1999/,1999,1999-02-16,"London Arena, London",Johnny Vaughan,False,True
Eurythmics,Outstanding Contribution,https://www.brits.co.uk/history/the-brits-1999/,1999,1999-02-16,"London Arena, London",Johnny Vaughan,True,False
Jubilee 2000,The Freddie Mercury Award,https://www.brits.co.uk/history/the-brits-1999/,1999,1999-02-16,"London Arena, London",Johnny Vaughan,False,False
Mika,British Breakthrough Act,https://www.brits.co.uk/history/the-brits-2008/,2008,2008-09-02,"Earls Court, London",The Osbournes,True,False
Kate Nash,British Female Solo Artist,https://www.brits.co.uk/history/the-brits-2008/,2008,2008-09-02,"Earls Court, London",The Osbournes,True,False
Arctic Monkeys,British Group,https://www.brits.co.uk/history/the-brits-2008/,2008,2008-09-02,"Earls Court, London",The Osbournes,True,False
Take That,British Live Act,https://www.brits.co.uk/history/the-brits-2008/,2008,2008-09-02,"Earls Court, London",The Osbournes,True,False
Mark Ronson,British Male Solo Artist,https://www.brits.co.uk/history/the-brits-2008/,2008,2008-09-02,"Earls Court, London",The Osbournes,True,False
Take That,British Single,https://www.brits.co.uk/history/the-brits-2008/,2008,2008-09-02,"Earls Court, London",The Osbournes,False,True
Adele,Critic's Choice Award,https://www.brits.co.uk/history/the-brits-2008/,2008,2008-09-02,"Earls Court, London",The Osbournes,False,False
Foo Fighters,International Album,https://www.brits.co.uk/history/the-brits-2008/,2008,2008-09-02,"Earls Court, London",The Osbournes,False,True
Kylie Minogue,International Female Solo Artist,https://www.brits.co.uk/history/the-brits-2008/,2008,2008-09-02,"Earls Court, London",The Osbournes,True,False
Foo Fighters,International Group,https://www.brits.co.uk/history/the-brits-2008/,2008,2008-09-02,"Earls Court, London",The Osbournes,True,False
Kanye West,International Male Solo Artist,https://www.brits.co.uk/history/the-brits-2008/,2008,2008-09-02,"Earls Court, London",The Osbournes,True,False
Arctic Monkeys,MasterCard British Album,https://www.brits.co.uk/history/the-brits-2008/,2008,2008-09-02,"Earls Court, London",The Osbournes,False,True
Paul McCartney,Outstanding Contribution,https://www.brits.co.uk/history/the-brits-2008/,2008,2008-09-02,"Earls Court, London",The Osbournes,True,False
,Outstanding Contribution To Music,https://www.brits.co.uk/history/the-brits-2008/,2008,2008-09-02,"Earls Court, London",The Osbournes,True,False
Duffy,British Breakthrough Act,https://www.brits.co.uk/history/the-brits-2009/,2009,2009-02-15,"Earls Court, London","James Corden, Mathew Horne and Kylie Minogue",True,False
Duffy,British Female Solo Artist,https://www.brits.co.uk/history/the-brits-2009/,2009,2009-02-15,"Earls Court, London","James Corden, Mathew Horne and Kylie Minogue",True,False
Elbow,British Group,https://www.brits.co.uk/history/the-brits-2009/,2009,2009-02-15,"Earls Court, London","James Corden, Mathew Horne and Kylie Minogue",True,False
Iron Maiden,British Live Act,https://www.brits.co.uk/history/the-brits-2009/,2009,2009-02-15,"Earls Court, London","James Corden, Mathew Horne and Kylie Minogue",True,False
Paul Weller,British Male Solo Artist,https://www.brits.co.uk/history/the-brits-2009/,2009,2009-02-15,"Earls Court, London","James Corden, Mathew Horne and Kylie Minogue",True,False
Girls Aloud,British Single,https://www.brits.co.uk/history/the-brits-2009/,2009,2009-02-15,"Earls Court, London","James Corden, Mathew Horne and Kylie Minogue",False,True
Florence + The Machine,Critic's Choice Award,https://www.brits.co.uk/history/the-brits-2009/,2009,2009-02-15,"Earls Court, London","James Corden, Mathew Horne and Kylie Minogue",False,False
Kings Of Leon,International Album,https://www.brits.co.uk/history/the-brits-2009/,2009,2009-02-15,"Earls Court, London","James Corden, Mathew Horne and Kylie Minogue",False,True
Katy Perry,International Female Solo Artist,https://www.brits.co.uk/history/the-brits-2009/,2009,2009-02-15,"Earls Court, London","James Corden, Mathew Horne and Kylie Minogue",True,False
Kings Of Leon,International Group,https://www.brits.co.uk/history/the-brits-2009/,2009,2009-02-15,"Earls Court, London","James Corden, Mathew Horne and Kylie Minogue",True,False
Kanye West,International Male Solo Artist,https://www.brits.co.uk/history/the-brits-2009/,2009,2009-02-15,"Earls Court, London","James Corden, Mathew Horne and Kylie Minogue",True,False
Duffy,MasterCard British Album,https://www.brits.co.uk/history/the-brits-2009/,2009,2009-02-15,"Earls Court, London","James Corden, Mathew Horne and Kylie Minogue",False,True
Pet Shop Boys,Outstanding Contribution,https://www.brits.co.uk/history/the-brits-2009/,2009,2009-02-15,"Earls Court, London","James Corden, Mathew Horne and Kylie Minogue",True,False
The Verve,Best British Album,https://www.brits.co.uk/history/the-brits-1998/,1998,1998-09-02,"London Arena, London",Ben Elton,False,True
Prodigy,Best British Dance Act,https://www.brits.co.uk/history/the-brits-1998/,1998,1998-09-02,"London Arena, London",Ben Elton,True,False
Shola Ama,Best British Female,https://www.brits.co.uk/history/the-brits-1998/,1998,1998-09-02,"London Arena, London",Ben Elton,True,False
The Verve,Best British Group,https://www.brits.co.uk/history/the-brits-1998/,1998,1998-09-02,"London Arena, London",Ben Elton,True,False
Finley Quaye,Best British Male,https://www.brits.co.uk/history/the-brits-1998/,1998,1998-09-02,"London Arena, London",Ben Elton,True,False
Stereophonics,Best British Newcomer,https://www.brits.co.uk/history/the-brits-1998/,1998,1998-09-02,"London Arena, London",Ben Elton,True,False
,Best British Producer,https://www.brits.co.uk/history/the-brits-1998/,1998,1998-09-02,"London Arena, London",Ben Elton,False,False
All Saints,Best British Single,https://www.brits.co.uk/history/the-brits-1998/,1998,1998-09-02,"London Arena, London",Ben Elton,False,True
All Saints,Best British Video,https://www.brits.co.uk/history/the-brits-1998/,1998,1998-09-02,"London Arena, London",Ben Elton,False,False
Bjork,Best International Female,https://www.brits.co.uk/history/the-brits-1998/,1998,1998-09-02,"London Arena, London",Ben Elton,True,False
U2,Best International Group,https://www.brits.co.uk/history/the-brits-1998/,1998,1998-09-02,"London Arena, London",Ben Elton,True,False
Jon Bon Jovi,Best International Male,https://www.brits.co.uk/history/the-brits-1998/,1998,1998-09-02,"London Arena, London",Ben Elton,True,False
eels,Best International Newcomer,https://www.brits.co.uk/history/the-brits-1998/,1998,1998-09-02,"London Arena, London",Ben Elton,True,False
,Best Selling British,https://www.brits.co.uk/history/the-brits-1998/,1998,1998-09-02,"London Arena, London",Ben Elton,False,False
Spice Girls,Best Selling British Album Act,https://www.brits.co.uk/history/the-brits-1998/,1998,1998-09-02,"London Arena, London",Ben Elton,True,True
The Full Monty,Best Soundtrack/Cast Recording,https://www.brits.co.uk/history/the-brits-1998/,1998,1998-09-02,"London Arena, London",Ben Elton,False,False
,Freddie Mercury,https://www.brits.co.uk/history/the-brits-1998/,1998,1998-09-02,"London Arena, London",Ben Elton,False,False
,MasterCard British Album,https://www.brits.co.uk/history/the-brits-1998/,1998,1998-09-02,"London Arena, London",Ben Elton,False,True
Fleetwood Mac,Outstanding Contribution,https://www.brits.co.uk/history/the-brits-1998/,1998,1998-09-02,"London Arena, London",Ben Elton,True,False
Elton John,The Freddie Mercury Award,https://www.brits.co.uk/history/the-brits-1998/,1998,1998-09-02,"London Arena, London",Ben Elton,False,False
Sam Fender,Alternative/Rock Act,https://www.brits.co.uk/history/the-brits-2025/,2025,2025-01-03,The O2,Jack Whitehall,True,False
Charli xcx,Artist Of The Year,https://www.brits.co.uk/history/the-brits-2025/,2025,2025-01-03,The O2,Jack Whitehall,True,False
The Last Dinner Party,Best New Artist,https://www.brits.co.uk/history/the-brits-2025/,2025,2025-01-03,The O2,Jack Whitehall,True,False
Charli xcx,Dance Act,https://www.brits.co.uk/history/the-brits-2025/,2025,2025-01-03,The O2,Jack Whitehall,True,False
Ezra Collective,Group Of The Year,https://www.brits.co.uk/history/the-brits-2025/,2025,2025-01-03,The O2,Jack Whitehall,True,False
Stormzy,Hip Hop/Grime/Rap Act,https://www.brits.co.uk/history/the-brits-2025/,2025,2025-01-03,The O2,Jack Whitehall,True,False
Chappell Roan,International Artist Of The Year,https://www.brits.co.uk/history/the-brits-2025/,2025,2025-01-03,The O2,Jack Whitehall,True,False
Fontaines D.C.,International Group Of The Year,https://www.brits.co.uk/history/the-brits-2025/,2025,2025-01-03,The O2,Jack Whitehall,True,False
"Chappell Roan - Good Luck, Babe!",International Song Of The Year,https://www.brits.co.uk/history/the-brits-2025/,2025,2025-01-03,The O2,Jack Whitehall,False,False
Charli xcx - BRAT,Mastercard Album Of The Year,https://www.brits.co.uk/history/the-brits-2025/,2025,2025-01-03,The O2,Jack Whitehall,False,True
JADE,Pop Act,https://www.brits.co.uk/history/the-brits-2025/,2025,2025-01-03,The O2,Jack Whitehall,True,False
RAYE,R&B Act,https://www.brits.co.uk/history/the-brits-2025/,2025,2025-01-03,The O2,Jack Whitehall,True,False
"Charli xcx - Guess, Feat. Billie Eilish",Song Of The Year With Mastercard,https://www.brits.co.uk/history/the-brits-2025/,2025,2025-01-03,The O2,Jack Whitehall,False,False
,British Breakthrough Act,https://www.brits.co.uk/history/the-brits-2005/,2005,2005-09-02,"Earls Court 2, London",Chris Evans,True,False
Keane,British Breakthrough Artist,https://www.brits.co.uk/history/the-brits-2005/,2005,2005-09-02,"Earls Court 2, London",Chris Evans,True,False
Joss Stone,British Female Solo Artist,https://www.brits.co.uk/history/the-brits-2005/,2005,2005-09-02,"Earls Court 2, London",Chris Evans,True,False
Franz Ferdinand,British Group,https://www.brits.co.uk/history/the-brits-2005/,2005,2005-09-02,"Earls Court 2, London",Chris Evans,True,False
Muse,British Live Act,https://www.brits.co.uk/history/the-brits-2005/,2005,2005-09-02,"Earls Court 2, London",Chris Evans,True,False
Mike Skinner,British Male Solo Artist,https://www.brits.co.uk/history/the-brits-2005/,2005,2005-09-02,"Earls Court 2, London",Chris Evans,True,False
McFly,British Pop Act,https://www.brits.co.uk/history/the-brits-2005/,2005,2005-09-02,"Earls Court 2, London",Chris Evans,True,False
Franz Ferdinand,British Rock Act,https://www.brits.co.uk/history/the-brits-2005/,2005,2005-09-02,"Earls Court 2, London",Chris Evans,True,False
Will Young,British Single,https://www.brits.co.uk/history/the-brits-2005/,2005,2005-09-02,"Earls Court 2, London",Chris Evans,False,True
Joss Stone,British Urban Act,https://www.brits.co.uk/history/the-brits-2005/,2005,2005-09-02,"Earls Court 2, London",Chris Evans,True,False
,BRITs 25 - Best Song Award,https://www.brits.co.uk/history/the-brits-2005/,2005,2005-09-02,"Earls Court 2, London",Chris Evans,False,False
Robbie Williams,BRITs 25 Best Song Award,https://www.brits.co.uk/history/the-brits-2005/,2005,2005-09-02,"Earls Court 2, London",Chris Evans,False,False
Scissor Sisters,International Album,https://www.brits.co.uk/history/the-brits-2005/,2005,2005-09-02,"Earls Court 2, London",Chris Evans,False,True
,International Breakthrough Act,https://www.brits.co.uk/history/the-brits-2005/,2005,2005-09-02,"Earls Court 2, London",Chris Evans,True,False
Scissor Sisters,International Breakthrough Artist,https://www.brits.co.uk/history/the-brits-2005/,2005,2005-09-02,"Earls Court 2, London",Chris Evans,True,False
Gwen Stefani,International Female,https://www.brits.co.uk/history/the-brits-2005/,2005,2005-09-02,"Earls Court 2, London",Chris Evans,True,False
,International Female Solo Artist,https://www.brits.co.uk/history/the-brits-2005/,2005,2005-09-02,"Earls Court 2, London",Chris Evans,True,False
Scissor Sisters,International Group,https://www.brits.co.uk/history/the-brits-2005/,2005,2005-09-02,"Earls Court 2, London",Chris Evans,True,False
Eminem,International Male,https://www.brits.co.uk/history/the-brits-2005/,2005,2005-09-02,"Earls Court 2, London",Chris Evans,True,False
,International Male Solo Artist,https://www.brits.co.uk/history/the-brits-2005/,2005,2005-09-02,"Earls Court 2, London",Chris Evans,True,False
Keane,MasterCard British Album,https://www.brits.co.uk/history/the-brits-2005/,2005,2005-09-02,"Earls Court 2, London",Chris Evans,False,True
Bob Geldof,Outstanding Contribution,https://www.brits.co.uk/history/the-brits-2005/,2005,2005-09-02,"Earls Court 2, London",Chris Evans,True,False
,Pop Act,https://www.brits.co.uk/history/the-brits-2005/,2005,2005-09-02,"Earls Court 2, London",Chris Evans,True,False
Ben Howard,British Breakthrough Act,https://www.brits.co.uk/history/the-brits-2013/,2013,2013-02-20,O2 Arena,James Corden,True,False
Emeli Sandé,British Female Solo Artist,https://www.brits.co.uk/history/the-brits-2013/,2013,2013-02-20,O2 Arena,James Corden,True,False
Mumford & Sons,British Group,https://www.brits.co.uk/history/the-brits-2013/,2013,2013-02-20,O2 Arena,James Corden,True,False
Coldplay,British Live Act,https://www.brits.co.uk/history/the-brits-2013/,2013,2013-02-20,O2 Arena,James Corden,True,False
Ben Howard,British Male Solo Artist,https://www.brits.co.uk/history/the-brits-2013/,2013,2013-02-20,O2 Arena,James Corden,True,False
Paul Epworth,British Producer of the Year,https://www.brits.co.uk/history/the-brits-2013/,2013,2013-02-20,O2 Arena,James Corden,False,False
Adele,British Single,https://www.brits.co.uk/history/the-brits-2013/,2013,2013-02-20,O2 Arena,James Corden,False,True
One Direction,BRITs Global Success Award,https://www.brits.co.uk/history/the-brits-2013/,2013,2013-02-20,O2 Arena,James Corden,False,False
Tom Odell,Critics' Choice Award,https://www.brits.co.uk/history/the-brits-2013/,2013,2013-02-20,O2 Arena,James Corden,False,False
Lana Del Rey,International Female Solo Artist,https://www.brits.co.uk/history/the-brits-2013/,2013,2013-02-20,O2 Arena,James Corden,True,False
The Black Keys,International Group,https://www.brits.co.uk/history/the-brits-2013/,2013,2013-02-20,O2 Arena,James Corden,True,False
Frank Ocean,International Male Solo Artist,https://www.brits.co.uk/history/the-brits-2013/,2013,2013-02-20,O2 Arena,James Corden,True,False
Emeli Sandé,Mastercard British Album of the Year,https://www.brits.co.uk/history/the-brits-2013/,2013,2013-02-20,O2 Arena,James Corden,False,True
Stereo MCs,Best British Album,https://www.brits.co.uk/history/the-brits-1994/,1994,1994-02-14,"Alexandra Palace, London",Elton John & RuPaul,False,True
M People,Best British Dance Act,https://www.brits.co.uk/history/the-brits-1994/,1994,1994-02-14,"Alexandra Palace, London",Elton John & RuPaul,True,False
Dina Carroll,Best British Female,https://www.brits.co.uk/history/the-brits-1994/,1994,1994-02-14,"Alexandra Palace, London",Elton John & RuPaul,True,False
Stereo MCs,Best British Group,https://www.brits.co.uk/history/the-brits-1994/,1994,1994-02-14,"Alexandra Palace, London",Elton John & RuPaul,True,False
Sting,Best British Male,https://www.brits.co.uk/history/the-brits-1994/,1994,1994-02-14,"Alexandra Palace, London",Elton John & RuPaul,True,False
Gabrielle,Best British Newcomer,https://www.brits.co.uk/history/the-brits-1994/,1994,1994-02-14,"Alexandra Palace, London",Elton John & RuPaul,True,False
Brian Eno,Best British Producer,https://www.brits.co.uk/history/the-brits-1994/,1994,1994-02-14,"Alexandra Palace, London",Elton John & RuPaul,False,False
Take That,Best British Single,https://www.brits.co.uk/history/the-brits-1994/,1994,1994-02-14,"Alexandra Palace, London",Elton John & RuPaul,False,True
Take That,Best British Video,https://www.brits.co.uk/history/the-brits-1994/,1994,1994-02-14,"Alexandra Palace, London",Elton John & RuPaul,False,False
Bjork,Best International Female,https://www.brits.co.uk/history/the-brits-1994/,1994,1994-02-14,"Alexandra Palace, London",Elton John & RuPaul,True,False
Crowded House,Best International Group,https://www.brits.co.uk/history/the-brits-1994/,1994,1994-02-14,"Alexandra Palace, London",Elton John & RuPaul,True,False
Lenny Kravitz,Best International Male,https://www.brits.co.uk/history/the-brits-1994/,1994,1994-02-14,"Alexandra Palace, London",Elton John & RuPaul,True,False
Bjork,Best International Newcomer,https://www.brits.co.uk/history/the-brits-1994/,1994,1994-02-14,"Alexandra Palace, London",Elton John & RuPaul,True,False
,Best Selling Single of,https://www.brits.co.uk/history/the-brits-1994/,1994,1994-02-14,"Alexandra Palace, London",Elton John & RuPaul,False,True
The Bodyguard,Best Soundtrack/Cast Recording,https://www.brits.co.uk/history/the-brits-1994/,1994,1994-02-14,"Alexandra Palace, London",Elton John & RuPaul,False,False
Van Morrison,Outstanding Contribution,https://www.brits.co.uk/history/the-brits-1994/,1994,1994-02-14,"Alexandra Palace, London",Elton John & RuPaul,True,False
Adam & The Ants,Best British Album,https://www.brits.co.uk/history/the-brits-1982/,1982,1982-04-02,"Grosvenor House Hotel, London",David Jacobs,False,True
Randy Crawford,Best British Female,https://www.brits.co.uk/history/the-brits-1982/,1982,1982-04-02,"Grosvenor House Hotel, London",David Jacobs,True,False
The Police,Best British Group,https://www.brits.co.uk/history/the-brits-1982/,1982,1982-04-02,"Grosvenor House Hotel, London",David Jacobs,True,False
Cliff Richard,Best British Male,https://www.brits.co.uk/history/the-brits-1982/,1982,1982-04-02,"Grosvenor House Hotel, London",David Jacobs,True,False
The Human League,Best British Newcomer,https://www.brits.co.uk/history/the-brits-1982/,1982,1982-04-02,"Grosvenor House Hotel, London",David Jacobs,True,False
Martin Rushent,Best British Producer,https://www.brits.co.uk/history/the-brits-1982/,1982,1982-04-02,"Grosvenor House Hotel, London",David Jacobs,False,False
Soft Cell,Best British Single,https://www.brits.co.uk/history/the-brits-1982/,1982,1982-04-02,"Grosvenor House Hotel, London",David Jacobs,False,True
Simon Rattle,Best Classical Recording,https://www.brits.co.uk/history/the-brits-1982/,1982,1982-04-02,"Grosvenor House Hotel, London",David Jacobs,False,False
John Lennon,Outstanding Contribution,https://www.brits.co.uk/history/the-brits-1982/,1982,1982-04-02,"Grosvenor House Hotel, London",David Jacobs,True,False
,British Breakthrough Act,https://www.brits.co.uk/history/the-brits-2006/,2006,2006-02-14,"Earls Court, London",Chris Evans,True,False
KT Tunstall,British Female Solo Artist,https://www.brits.co.uk/history/the-brits-2006/,2006,2006-02-14,"Earls Court, London",Chris Evans,True,False
Kaiser Chiefs,British Group,https://www.brits.co.uk/history/the-brits-2006/,2006,2006-02-14,"Earls Court, London",Chris Evans,True,False
Kaiser Chiefs,British Live Act,https://www.brits.co.uk/history/the-brits-2006/,2006,2006-02-14,"Earls Court, London",Chris Evans,True,False
James Blunt,British Male Solo Artist,https://www.brits.co.uk/history/the-brits-2006/,2006,2006-02-14,"Earls Court, London",Chris Evans,True,False
Kaiser Chiefs,British Rock Act,https://www.brits.co.uk/history/the-brits-2006/,2006,2006-02-14,"Earls Court, London",Chris Evans,True,False
Coldplay,British Single,https://www.brits.co.uk/history/the-brits-2006/,2006,2006-02-14,"Earls Court, London",Chris Evans,False,True
Lemar,British Urban Act,https://www.brits.co.uk/history/the-brits-2006/,2006,2006-02-14,"Earls Court, London",Chris Evans,True,False
Green Day,International Album,https://www.brits.co.uk/history/the-brits-2006/,2006,2006-02-14,"Earls Court, London",Chris Evans,False,True
,International Breakthrough Act,https://www.brits.co.uk/history/the-brits-2006/,2006,2006-02-14,"Earls Court, London",Chris Evans,True,False
Jack Johnson,International Breakthrough Artist,https://www.brits.co.uk/history/the-brits-2006/,2006,2006-02-14,"Earls Court, London",Chris Evans,True,False
Madonna,International Female Solo Artist,https://www.brits.co.uk/history/the-brits-2006/,2006,2006-02-14,"Earls Court, London",Chris Evans,True,False
Green Day,International Group,https://www.brits.co.uk/history/the-brits-2006/,2006,2006-02-14,"Earls Court, London",Chris Evans,True,False
Kanye West,International Male Solo Artist,https://www.brits.co.uk/history/the-brits-2006/,2006,2006-02-14,"Earls Court, London",Chris Evans,True,False
Coldplay,MasterCard British Album,https://www.brits.co.uk/history/the-brits-2006/,2006,2006-02-14,"Earls Court, London",Chris Evans,False,True
Paul Weller,Outstanding Contribution,https://www.brits.co.uk/history/the-brits-2006/,2006,2006-02-14,"Earls Court, London",Chris Evans,True,False
,Outstanding Contribution To Music,https://www.brits.co.uk/history/the-brits-2006/,2006,2006-02-14,"Earls Court, London",Chris Evans,True,False
James Blunt,Pop Act,https://www.brits.co.uk/history/the-brits-2006/,2006,2006-02-14,"Earls Court, London",Chris Evans,True,False
JLS,British Breakthrough Act,https://www.brits.co.uk/history/the-brits-2010/,2010,2010-02-16,"Earls Court, London",Peter Kay,True,False
Lily Allen,British Female Solo Artist,https://www.brits.co.uk/history/the-brits-2010/,2010,2010-02-16,"Earls Court, London",Peter Kay,True,False
Kasabian,British Group,https://www.brits.co.uk/history/the-brits-2010/,2010,2010-02-16,"Earls Court, London",Peter Kay,True,False
Dizzee Rascal,British Male Solo Artist,https://www.brits.co.uk/history/the-brits-2010/,2010,2010-02-16,"Earls Court, London",Peter Kay,True,False
Paul Epworth,British Producer,https://www.brits.co.uk/history/the-brits-2010/,2010,2010-02-16,"Earls Court, London",Peter Kay,False,False
JLS,British Single,https://www.brits.co.uk/history/the-brits-2010/,2010,2010-02-16,"Earls Court, London",Peter Kay,False,True
Oasis,BRITs Album of 30 Years,https://www.brits.co.uk/history/the-brits-2010/,2010,2010-02-16,"Earls Court, London",Peter Kay,False,True
Ellie Goulding,Critics' Choice,https://www.brits.co.uk/history/the-brits-2010/,2010,2010-02-16,"Earls Court, London",Peter Kay,False,False
Lady Gaga,International Album,https://www.brits.co.uk/history/the-brits-2010/,2010,2010-02-16,"Earls Court, London",Peter Kay,False,True
Lady Gaga,International Breakthrough Act,https://www.brits.co.uk/history/the-brits-2010/,2010,2010-02-16,"Earls Court, London",Peter Kay,True,False
Lady Gaga,International Female Solo Artist,https://www.brits.co.uk/history/the-brits-2010/,2010,2010-02-16,"Earls Court, London",Peter Kay,True,False
Jay-Z,International Male Solo Artist,https://www.brits.co.uk/history/the-brits-2010/,2010,2010-02-16,"Earls Court, London",Peter Kay,True,False
Florence + The Machine,MasterCard British Album,https://www.brits.co.uk/history/the-brits-2010/,2010,2010-02-16,"Earls Court, London",Peter Kay,False,True
Robbie Williams,Outstanding Contribution Award,https://www.brits.co.uk/history/the-brits-2010/,2010,2010-02-16,"Earls Court, London",Peter Kay,True,False
Spice Girls,The BRITs Hits 30,https://www.brits.co.uk/history/the-brits-2010/,2010,2010-02-16,"Earls Court, London",Peter Kay,False,False
Manic Street Preachers,Best British Album,https://www.brits.co.uk/history/the-brits-1997/,1997,1997-02-24,"Earls Court, London",Ben Elton,False,True
Prodigy,Best British Dance Act,https://www.brits.co.uk/history/the-brits-1997/,1997,1997-02-24,"Earls Court, London",Ben Elton,True,False
Gabrielle,Best British Female,https://www.brits.co.uk/history/the-brits-1997/,1997,1997-02-24,"Earls Court, London",Ben Elton,True,False
Manic Street Preachers,Best British Group,https://www.brits.co.uk/history/the-brits-1997/,1997,1997-02-24,"Earls Court, London",Ben Elton,True,False
George Michael,Best British Male,https://www.brits.co.uk/history/the-brits-1997/,1997,1997-02-24,"Earls Court, London",Ben Elton,True,False
Kula Shaker,Best British Newcomer,https://www.brits.co.uk/history/the-brits-1997/,1997,1997-02-24,"Earls Court, London",Ben Elton,True,False
John Leckie,Best British Producer,https://www.brits.co.uk/history/the-brits-1997/,1997,1997-02-24,"Earls Court, London",Ben Elton,False,False
Spice Girls,Best British Single,https://www.brits.co.uk/history/the-brits-1997/,1997,1997-02-24,"Earls Court, London",Ben Elton,False,True
Spice Girls,Best British Video,https://www.brits.co.uk/history/the-brits-1997/,1997,1997-02-24,"Earls Court, London",Ben Elton,False,False
Sheryl Crow,Best International Female,https://www.brits.co.uk/history/the-brits-1997/,1997,1997-02-24,"Earls Court, London",Ben Elton,True,False
Fugees,Best International Group,https://www.brits.co.uk/history/the-brits-1997/,1997,1997-02-24,"Earls Court, London",Ben Elton,True,False
Beck,Best International Male,https://www.brits.co.uk/history/the-brits-1997/,1997,1997-02-24,"Earls Court, London",Ben Elton,True,False
Robert Miles,Best International Newcomer,https://www.brits.co.uk/history/the-brits-1997/,1997,1997-02-24,"Earls Court, London",Ben Elton,True,False
Trainspotting,Best Soundtrack/Cast Recording,https://www.brits.co.uk/history/the-brits-1997/,1997,1997-02-24,"Earls Court, London",Ben Elton,False,False
Bee Gees,Outstanding Contribution,https://www.brits.co.uk/history/the-brits-1997/,1997,1997-02-24,"Earls Court, London",Ben Elton,True,False
Michael Jackson,Artist Of A Generation,https://www.brits.co.uk/history/the-brits-1996/,1996,1996-02-19,"Earls Court, London",Chris Evans,True,False
Oasis,Best British Album,https://www.brits.co.uk/history/the-brits-1996/,1996,1996-02-19,"Earls Court, London",Chris Evans,False,True
Massive Attack,Best British Dance Act,https://www.brits.co.uk/history/the-brits-1996/,1996,1996-02-19,"Earls Court, London",Chris Evans,True,False
Annie Lennox,Best British Female,https://www.brits.co.uk/history/the-brits-1996/,1996,1996-02-19,"Earls Court, London",Chris Evans,True,False
Oasis,Best British Group,https://www.brits.co.uk/history/the-brits-1996/,1996,1996-02-19,"Earls Court, London",Chris Evans,True,False
Paul Weller,Best British Male,https://www.brits.co.uk/history/the-brits-1996/,1996,1996-02-19,"Earls Court, London",Chris Evans,True,False
Supergrass,Best British Newcomer,https://www.brits.co.uk/history/the-brits-1996/,1996,1996-02-19,"Earls Court, London",Chris Evans,True,False
Brian Eno,Best British Producer,https://www.brits.co.uk/history/the-brits-1996/,1996,1996-02-19,"Earls Court, London",Chris Evans,False,False
Take That,Best British Single,https://www.brits.co.uk/history/the-brits-1996/,1996,1996-02-19,"Earls Court, London",Chris Evans,False,True
Oasis,Best British Video,https://www.brits.co.uk/history/the-brits-1996/,1996,1996-02-19,"Earls Court, London",Chris Evans,False,False
Bjork,Best International Female,https://www.brits.co.uk/history/the-brits-1996/,1996,1996-02-19,"Earls Court, London",Chris Evans,True,False
Bon Jovi,Best International Group,https://www.brits.co.uk/history/the-brits-1996/,1996,1996-02-19,"Earls Court, London",Chris Evans,True,False
Prince,Best International Male,https://www.brits.co.uk/history/the-brits-1996/,1996,1996-02-19,"Earls Court, London",Chris Evans,True,False
Alanis Morrisette,Best International Newcomer,https://www.brits.co.uk/history/the-brits-1996/,1996,1996-02-19,"Earls Court, London",Chris Evans,True,False
Batman Forever,Best Soundtrack/Cast Recording,https://www.brits.co.uk/history/the-brits-1996/,1996,1996-02-19,"Earls Court, London",Chris Evans,False,False
,Freddie Mercury,https://www.brits.co.uk/history/the-brits-1996/,1996,1996-02-19,"Earls Court, London",Chris Evans,False,False
David Bowie,Outstanding Contribution,https://www.brits.co.uk/history/the-brits-1996/,1996,1996-02-19,"Earls Court, London",Chris Evans,True,False
The Help Album For The Charity War Child,The Freddie Mercury Award,https://www.brits.co.uk/history/the-brits-1996/,1996,1996-02-19,"Earls Court, London",Chris Evans,False,False
Tinie Tempah,British Breakthrough Act,https://www.brits.co.uk/history/the-brits-2011/,2011,2011-02-15,O2 Arena London,James Corden,True,False
Laura Marling,British Female Solo Artist,https://www.brits.co.uk/history/the-brits-2011/,2011,2011-02-15,O2 Arena London,James Corden,True,False
Take That,British Group,https://www.brits.co.uk/history/the-brits-2011/,2011,2011-02-15,O2 Arena London,James Corden,True,False
Plan B,British Male Solo Artist,https://www.brits.co.uk/history/the-brits-2011/,2011,2011-02-15,O2 Arena London,James Corden,True,False
Markus Dravs,British Producer,https://www.brits.co.uk/history/the-brits-2011/,2011,2011-02-15,O2 Arena London,James Corden,False,False
Tinie Tempah,British Single,https://www.brits.co.uk/history/the-brits-2011/,2011,2011-02-15,O2 Arena London,James Corden,False,True
Jessie J,Critics’ Choice,https://www.brits.co.uk/history/the-brits-2011/,2011,2011-02-15,O2 Arena London,James Corden,False,False
Arcade Fire,International Album,https://www.brits.co.uk/history/the-brits-2011/,2011,2011-02-15,O2 Arena London,James Corden,False,True
Justin Bieber,International Breakthrough Act,https://www.brits.co.uk/history/the-brits-2011/,2011,2011-02-15,O2 Arena London,James Corden,True,False
Rihanna,International Female Solo Artist,https://www.brits.co.uk/history/the-brits-2011/,2011,2011-02-15,O2 Arena London,James Corden,True,False
Arcade Fire,International Group,https://www.brits.co.uk/history/the-brits-2011/,2011,2011-02-15,O2 Arena London,James Corden,True,False
Cee Lo Green,International Male Solo Artist,https://www.brits.co.uk/history/the-brits-2011/,2011,2011-02-15,O2 Arena London,James Corden,True,False
Mumford & Sons,MasterCard British Album of the Year,https://www.brits.co.uk/history/the-brits-2011/,2011,2011-02-15,O2 Arena London,James Corden,False,True
The Fratellis,British Breakthrough Act,https://www.brits.co.uk/history/the-brits-2007/,2007,2007-02-15,"Earls Court, London",Russell Brand,True,False
Amy Winehouse,British Female Solo Artist,https://www.brits.co.uk/history/the-brits-2007/,2007,2007-02-15,"Earls Court, London",Russell Brand,True,False
Arctic Monkeys,British Group,https://www.brits.co.uk/history/the-brits-2007/,2007,2007-02-15,"Earls Court, London",Russell Brand,True,False
Muse,British Live Act,https://www.brits.co.uk/history/the-brits-2007/,2007,2007-02-15,"Earls Court, London",Russell Brand,True,False
James Morrison,British Male Solo Artist,https://www.brits.co.uk/history/the-brits-2007/,2007,2007-02-15,"Earls Court, London",Russell Brand,True,False
Take That,British Single,https://www.brits.co.uk/history/the-brits-2007/,2007,2007-02-15,"Earls Court, London",Russell Brand,False,True
The Killers,International Album,https://www.brits.co.uk/history/the-brits-2007/,2007,2007-02-15,"Earls Court, London",Russell Brand,False,True
Orson,International Breakthrough Act,https://www.brits.co.uk/history/the-brits-2007/,2007,2007-02-15,"Earls Court, London",Russell Brand,True,False
Nelly Furtado,International Female Solo Artist,https://www.brits.co.uk/history/the-brits-2007/,2007,2007-02-15,"Earls Court, London",Russell Brand,True,False
The Killers,International Group,https://www.brits.co.uk/history/the-brits-2007/,2007,2007-02-15,"Earls Court, London",Russell Brand,True,False
Justin Timberlake,International Male Solo Artist,https://www.brits.co.uk/history/the-brits-2007/,2007,2007-02-15,"Earls Court, London",Russell Brand,True,False
Arctic Monkeys,MasterCard British Album,https://www.brits.co.uk/history/the-brits-2007/,2007,2007-02-15,"Earls Court, London",Russell Brand,False,True
Oasis,Outstanding Contribution,https://www.brits.co.uk/history/the-brits-2007/,2007,2007-02-15,"Earls Court, London",Russell Brand,True,False
,Outstanding Contribution To Music,https://www.brits.co.uk/history/the-brits-2007/,2007,2007-02-15,"Earls Court, London",Russell Brand,True,False
Foals,Best Group,https://www.brits.co.uk/history/the-brits-2020/,2020,2020-02-18,The O2,Jack Whitehall,True,False
Lewis Capaldi,Best New Artist,https://www.brits.co.uk/history/the-brits-2020/,2020,2020-02-18,The O2,Jack Whitehall,True,False
Mabel,Female Solo Artist,https://www.brits.co.uk/history/the-brits-2020/,2020,2020-02-18,The O2,Jack Whitehall,True,False
Billie Eilish,International Female Solo Artist,https://www.brits.co.uk/history/the-brits-2020/,2020,2020-02-18,The O2,Jack Whitehall,True,False
"Tyler, the Creator",International Male Solo Artist,https://www.brits.co.uk/history/the-brits-2020/,2020,2020-02-18,The O2,Jack Whitehall,True,False
Stormzy,Male Solo Artist,https://www.brits.co.uk/history/the-brits-2020/,2020,2020-02-18,The O2,Jack Whitehall,True,False
Dave - 'Psychodrama',Mastercard Album Of The Year,https://www.brits.co.uk/history/the-brits-2020/,2020,2020-02-18,The O2,Jack Whitehall,False,True
Lewis Capaldi - 'Someone You Loved',Song of the Year,https://www.brits.co.uk/history/the-brits-2020/,2020,2020-02-18,The O2,Jack Whitehall,False,False
Travis,Best British Album,https://www.brits.co.uk/history/the-brits-2000/,2000,2000-03-03,"Earls Court 2, London",Davina McCall,False,True
Chemical Brothers,Best British Dance Act,https://www.brits.co.uk/history/the-brits-2000/,2000,2000-03-03,"Earls Court 2, London",Davina McCall,True,False
Beth Orton,Best British Female,https://www.brits.co.uk/history/the-brits-2000/,2000,2000-03-03,"Earls Court 2, London",Davina McCall,True,False
Travis,Best British Group,https://www.brits.co.uk/history/the-brits-2000/,2000,2000-03-03,"Earls Court 2, London",Davina McCall,True,False
Tom Jones,Best British Male,https://www.brits.co.uk/history/the-brits-2000/,2000,2000-03-03,"Earls Court 2, London",Davina McCall,True,False
S Club 7,Best British Newcomer,https://www.brits.co.uk/history/the-brits-2000/,2000,2000-03-03,"Earls Court 2, London",Davina McCall,True,False
Five,Best British Pop Act,https://www.brits.co.uk/history/the-brits-2000/,2000,2000-03-03,"Earls Court 2, London",Davina McCall,True,False
Robbie Williams,Best British Single,https://www.brits.co.uk/history/the-brits-2000/,2000,2000-03-03,"Earls Court 2, London",Davina McCall,False,True
Robbie Williams,Best British Video,https://www.brits.co.uk/history/the-brits-2000/,2000,2000-03-03,"Earls Court 2, London",Davina McCall,False,False
Macy Gray,Best International Female,https://www.brits.co.uk/history/the-brits-2000/,2000,2000-03-03,"Earls Court 2, London",Davina McCall,True,False
TLC,Best International Group,https://www.brits.co.uk/history/the-brits-2000/,2000,2000-03-03,"Earls Court 2, London",Davina McCall,True,False
Beck,Best International Male,https://www.brits.co.uk/history/the-brits-2000/,2000,2000-03-03,"Earls Court 2, London",Davina McCall,True,False
Macy Gray,Best International Newcomer,https://www.brits.co.uk/history/the-brits-2000/,2000,2000-03-03,"Earls Court 2, London",Davina McCall,True,False
Steps,Best Live Act,https://www.brits.co.uk/history/the-brits-2000/,2000,2000-03-03,"Earls Court 2, London",Davina McCall,True,False
,Best Selling British Live Act,https://www.brits.co.uk/history/the-brits-2000/,2000,2000-03-03,"Earls Court 2, London",Davina McCall,True,False
Notting Hill,Best Soundtrack/Cast Recording,https://www.brits.co.uk/history/the-brits-2000/,2000,2000-03-03,"Earls Court 2, London",Davina McCall,False,False
,MasterCard British Album,https://www.brits.co.uk/history/the-brits-2000/,2000,2000-03-03,"Earls Court 2, London",Davina McCall,False,True
Spice Girls,Outstanding Contribution,https://www.brits.co.uk/history/the-brits-2000/,2000,2000-03-03,"Earls Court 2, London",Davina McCall,True,False
,Pre Best British Newcomer,https://www.brits.co.uk/history/the-brits-2000/,2000,2000-03-03,"Earls Court 2, London",Davina McCall,True,False
One Direction - 'Drag Me Down',British Artist Video,https://www.brits.co.uk/history/the-brits-2016/,2016,2016-02-25,The O2,Ant & Dec,True,False
Catfish and the Bottlemen,British Breakthrough Act,https://www.brits.co.uk/history/the-brits-2016/,2016,2016-02-25,The O2,Ant & Dec,True,False
Adele,British Female Solo Artist,https://www.brits.co.uk/history/the-brits-2016/,2016,2016-02-25,The O2,Ant & Dec,True,False
Coldplay,British Group,https://www.brits.co.uk/history/the-brits-2016/,2016,2016-02-25,The O2,Ant & Dec,True,False
James Bay,British Male Solo Artist,https://www.brits.co.uk/history/the-brits-2016/,2016,2016-02-25,The O2,Ant & Dec,True,False
Charlie Andrew,British Producer of the Year,https://www.brits.co.uk/history/the-brits-2016/,2016,2016-02-25,The O2,Ant & Dec,False,False
Adele - 'Hello',British Single,https://www.brits.co.uk/history/the-brits-2016/,2016,2016-02-25,The O2,Ant & Dec,False,True
Jack Garratt,Critics' Choice,https://www.brits.co.uk/history/the-brits-2016/,2016,2016-02-25,The O2,Ant & Dec,False,False
Adele,Global Success,https://www.brits.co.uk/history/the-brits-2016/,2016,2016-02-25,The O2,Ant & Dec,False,False
Björk,International Female Solo Artist,https://www.brits.co.uk/history/the-brits-2016/,2016,2016-02-25,The O2,Ant & Dec,True,False
Tame Impala,International Group,https://www.brits.co.uk/history/the-brits-2016/,2016,2016-02-25,The O2,Ant & Dec,True,False
Justin Bieber,International Male Solo Artist,https://www.brits.co.uk/history/the-brits-2016/,2016,2016-02-25,The O2,Ant & Dec,True,False
Adele - 25,MasterCard British Album of the Year,https://www.brits.co.uk/history/the-brits-2016/,2016,2016-02-25,The O2,Ant & Dec,False,True
George Michael,Best British Album,https://www.brits.co.uk/history/the-brits-1991/,1991,1991-10-02,"Dominion Theatre, London",Simon Bates (voice over),False,True
Lisa Stansfield,Best British Female,https://www.brits.co.uk/history/the-brits-1991/,1991,1991-10-02,"Dominion Theatre, London",Simon Bates (voice over),True,False
The Cure,Best British Group,https://www.brits.co.uk/history/the-brits-1991/,1991,1991-10-02,"Dominion Theatre, London",Simon Bates (voice over),True,False
Elton John,Best British Male,https://www.brits.co.uk/history/the-brits-1991/,1991,1991-10-02,"Dominion Theatre, London",Simon Bates (voice over),True,False
Betty Boo,Best British Newcomer,https://www.brits.co.uk/history/the-brits-1991/,1991,1991-10-02,"Dominion Theatre, London",Simon Bates (voice over),True,False
Chris Thomas,Best British Producer,https://www.brits.co.uk/history/the-brits-1991/,1991,1991-10-02,"Dominion Theatre, London",Simon Bates (voice over),False,False
Depeche Mode,Best British Single,https://www.brits.co.uk/history/the-brits-1991/,1991,1991-10-02,"Dominion Theatre, London",Simon Bates (voice over),False,True
The Beautiful South,Best British Video,https://www.brits.co.uk/history/the-brits-1991/,1991,1991-10-02,"Dominion Theatre, London",Simon Bates (voice over),False,False
Sir George Solti,Best Classical Recording,https://www.brits.co.uk/history/the-brits-1991/,1991,1991-10-02,"Dominion Theatre, London",Simon Bates (voice over),False,False
Sinead O'Connor,Best International Female,https://www.brits.co.uk/history/the-brits-1991/,1991,1991-10-02,"Dominion Theatre, London",Simon Bates (voice over),True,False
INXS,Best International Group,https://www.brits.co.uk/history/the-brits-1991/,1991,1991-10-02,"Dominion Theatre, London",Simon Bates (voice over),True,False
Michael Hutchence,Best International Male,https://www.brits.co.uk/history/the-brits-1991/,1991,1991-10-02,"Dominion Theatre, London",Simon Bates (voice over),True,False
MC Hammer,Best International Newcomer,https://www.brits.co.uk/history/the-brits-1991/,1991,1991-10-02,"Dominion Theatre, London",Simon Bates (voice over),True,False
Twin Peaks,Best Soundtrack/Cast Recording,https://www.brits.co.uk/history/the-brits-1991/,1991,1991-10-02,"Dominion Theatre, London",Simon Bates (voice over),False,False
Status Quo,Outstanding Contribution,https://www.brits.co.uk/history/the-brits-1991/,1991,1991-10-02,"Dominion Theatre, London",Simon Bates (voice over),True,False
Dire Straits,Best British Album,https://www.brits.co.uk/history/the-brits-1987/,1987,1987-09-02,"Grosvenor House Hotel, London",Jonathan King,False,True
Kate Bush,Best British Female,https://www.brits.co.uk/history/the-brits-1987/,1987,1987-09-02,"Grosvenor House Hotel, London",Jonathan King,True,False
Five Star,Best British Group,https://www.brits.co.uk/history/the-brits-1987/,1987,1987-09-02,"Grosvenor House Hotel, London",Jonathan King,True,False
Peter Gabriel,Best British Male,https://www.brits.co.uk/history/the-brits-1987/,1987,1987-09-02,"Grosvenor House Hotel, London",Jonathan King,True,False
The Housemartins,Best British Newcomer,https://www.brits.co.uk/history/the-brits-1987/,1987,1987-09-02,"Grosvenor House Hotel, London",Jonathan King,True,False
Dave Stewart,Best British Producer,https://www.brits.co.uk/history/the-brits-1987/,1987,1987-09-02,"Grosvenor House Hotel, London",Jonathan King,False,False
Pet Shop Boys,Best British Single,https://www.brits.co.uk/history/the-brits-1987/,1987,1987-09-02,"Grosvenor House Hotel, London",Jonathan King,False,True
Peter Gabriel,Best British Video,https://www.brits.co.uk/history/the-brits-1987/,1987,1987-09-02,"Grosvenor House Hotel, London",Jonathan King,False,False
Julian Lloyd Webber,Best Classical Recording,https://www.brits.co.uk/history/the-brits-1987/,1987,1987-09-02,"Grosvenor House Hotel, London",Jonathan King,False,False
The Bangles,Best International Group,https://www.brits.co.uk/history/the-brits-1987/,1987,1987-09-02,"Grosvenor House Hotel, London",Jonathan King,True,False
Paul Simon,Best International Solo Artist,https://www.brits.co.uk/history/the-brits-1987/,1987,1987-09-02,"Grosvenor House Hotel, London",Jonathan King,True,False
Top Gun,Best Soundtrack/Cast Recording,https://www.brits.co.uk/history/the-brits-1987/,1987,1987-09-02,"Grosvenor House Hotel, London",Jonathan King,False,False
Eric Clapton,Outstanding Contribution,https://www.brits.co.uk/history/the-brits-1987/,1987,1987-09-02,"Grosvenor House Hotel, London",Jonathan King,True,False
Phil Collins,Best British Album,https://www.brits.co.uk/history/the-brits-1986/,1986,1986-10-02,"Grosvenor House Hotel, London",Noel Edmonds,False,True
Annie Lennox,Best British Female,https://www.brits.co.uk/history/the-brits-1986/,1986,1986-10-02,"Grosvenor House Hotel, London",Noel Edmonds,True,False
Dire Straits,Best British Group,https://www.brits.co.uk/history/the-brits-1986/,1986,1986-10-02,"Grosvenor House Hotel, London",Noel Edmonds,True,False
Phil Collins,Best British Male,https://www.brits.co.uk/history/the-brits-1986/,1986,1986-10-02,"Grosvenor House Hotel, London",Noel Edmonds,True,False
Go West,Best British Newcomer,https://www.brits.co.uk/history/the-brits-1986/,1986,1986-10-02,"Grosvenor House Hotel, London",Noel Edmonds,True,False
Dave Stewart,Best British Producer,https://www.brits.co.uk/history/the-brits-1986/,1986,1986-10-02,"Grosvenor House Hotel, London",Noel Edmonds,False,False
Tears For Fears,Best British Single,https://www.brits.co.uk/history/the-brits-1986/,1986,1986-10-02,"Grosvenor House Hotel, London",Noel Edmonds,False,True
Paul Young,Best British Video,https://www.brits.co.uk/history/the-brits-1986/,1986,1986-10-02,"Grosvenor House Hotel, London",Noel Edmonds,False,False
Vernon Handley,Best Classical Recording,https://www.brits.co.uk/history/the-brits-1986/,1986,1986-10-02,"Grosvenor House Hotel, London",Noel Edmonds,False,False
Huey Lewis & The News,Best International Group,https://www.brits.co.uk/history/the-brits-1986/,1986,1986-10-02,"Grosvenor House Hotel, London",Noel Edmonds,True,False
Bruce Springsteen,Best International Solo Artist,https://www.brits.co.uk/history/the-brits-1986/,1986,1986-10-02,"Grosvenor House Hotel, London",Noel Edmonds,True,False
Elton John,Outstanding Contribution,https://www.brits.co.uk/history/the-brits-1986/,1986,1986-10-02,"Grosvenor House Hotel, London",Noel Edmonds,True,False
Bob Geldof,Special Award,https://www.brits.co.uk/history/the-brits-1986/,1986,1986-10-02,"Grosvenor House Hotel, London",Noel Edmonds,False,False
Fine Young Cannibals,Best British Album,https://www.brits.co.uk/history/the-brits-1990/,1990,1990-02-18,"Dominion Theatre, London",Cathy McGowan,False,True
Annie Lennox,Best British Female,https://www.brits.co.uk/history/the-brits-1990/,1990,1990-02-18,"Dominion Theatre, London",Cathy McGowan,True,False
Fine Young Cannibals,Best British Group,https://www.brits.co.uk/history/the-brits-1990/,1990,1990-02-18,"Dominion Theatre, London",Cathy McGowan,True,False
Phil Collins,Best British Male,https://www.brits.co.uk/history/the-brits-1990/,1990,1990-02-18,"Dominion Theatre, London",Cathy McGowan,True,False
Lisa Stansfield,Best British Newcomer,https://www.brits.co.uk/history/the-brits-1990/,1990,1990-02-18,"Dominion Theatre, London",Cathy McGowan,True,False
Dave Stewart,Best British Producer,https://www.brits.co.uk/history/the-brits-1990/,1990,1990-02-18,"Dominion Theatre, London",Cathy McGowan,False,False
Phil Collins,Best British Single,https://www.brits.co.uk/history/the-brits-1990/,1990,1990-02-18,"Dominion Theatre, London",Cathy McGowan,False,True
The Cure,Best British Video,https://www.brits.co.uk/history/the-brits-1990/,1990,1990-02-18,"Dominion Theatre, London",Cathy McGowan,False,False
Simon Rattle,Best Classical Recording,https://www.brits.co.uk/history/the-brits-1990/,1990,1990-02-18,"Dominion Theatre, London",Cathy McGowan,False,False
,Best International Artist,https://www.brits.co.uk/history/the-brits-1990/,1990,1990-02-18,"Dominion Theatre, London",Cathy McGowan,True,False
U2,Best International Group,https://www.brits.co.uk/history/the-brits-1990/,1990,1990-02-18,"Dominion Theatre, London",Cathy McGowan,True,False
Neneh Cherry,Best International Newcomer,https://www.brits.co.uk/history/the-brits-1990/,1990,1990-02-18,"Dominion Theatre, London",Cathy McGowan,True,False
Neneh Cherry,Best International Solo Artist,https://www.brits.co.uk/history/the-brits-1990/,1990,1990-02-18,"Dominion Theatre, London",Cathy McGowan,True,False
,Best Music Video,https://www.brits.co.uk/history/the-brits-1990/,1990,1990-02-18,"Dominion Theatre, London",Cathy McGowan,False,False
Batman,Best Soundtrack/Cast Recording,https://www.brits.co.uk/history/the-brits-1990/,1990,1990-02-18,"Dominion Theatre, London",Cathy McGowan,False,False
Queen,Outstanding Contribution,https://www.brits.co.uk/history/the-brits-1990/,1990,1990-02-18,"Dominion Theatre, London",Cathy McGowan,True,False
One Direction - 'History',British Artist Video,https://www.brits.co.uk/history/the-brits-2017/,2017,2017-02-22,The O2,Dermot O'Leary and Emma Willis,True,False
Rag'N'Bone Man,British Breakthrough Act,https://www.brits.co.uk/history/the-brits-2017/,2017,2017-02-22,The O2,Dermot O'Leary and Emma Willis,True,False
Emeli Sandé,British Female Solo Artist,https://www.brits.co.uk/history/the-brits-2017/,2017,2017-02-22,The O2,Dermot O'Leary and Emma Willis,True,False
The 1975,British Group,https://www.brits.co.uk/history/the-brits-2017/,2017,2017-02-22,The O2,Dermot O'Leary and Emma Willis,True,False
David Bowie,British Male Solo Artist,https://www.brits.co.uk/history/the-brits-2017/,2017,2017-02-22,The O2,Dermot O'Leary and Emma Willis,True,False
Little Mix - 'Shout Out To My Ex',British Single,https://www.brits.co.uk/history/the-brits-2017/,2017,2017-02-22,The O2,Dermot O'Leary and Emma Willis,False,True
Adele,BRITs Global Success Award,https://www.brits.co.uk/history/the-brits-2017/,2017,2017-02-22,The O2,Dermot O'Leary and Emma Willis,False,False
Beyoncé,International Female Solo Artist,https://www.brits.co.uk/history/the-brits-2017/,2017,2017-02-22,The O2,Dermot O'Leary and Emma Willis,True,False
A Tribe Called Quest,International Group,https://www.brits.co.uk/history/the-brits-2017/,2017,2017-02-22,The O2,Dermot O'Leary and Emma Willis,True,False
Drake,International Male Solo Artist,https://www.brits.co.uk/history/the-brits-2017/,2017,2017-02-22,The O2,Dermot O'Leary and Emma Willis,True,False
Davie Bowie - Blackstar,Mastercard British Album of the Year,https://www.brits.co.uk/history/the-brits-2017/,2017,2017-02-22,The O2,Dermot O'Leary and Emma Willis,False,True
Coldplay,Best British Album,https://www.brits.co.uk/history/the-brits-2001/,2001,2001-02-26,"Earls Court 2, London",Ant & Dec,False,True
Fatboy Slim,Best British Dance Act,https://www.brits.co.uk/history/the-brits-2001/,2001,2001-02-26,"Earls Court 2, London",Ant & Dec,True,False
Sonique,Best British Female,https://www.brits.co.uk/history/the-brits-2001/,2001,2001-02-26,"Earls Court 2, London",Ant & Dec,True,False
Coldplay,Best British Group,https://www.brits.co.uk/history/the-brits-2001/,2001,2001-02-26,"Earls Court 2, London",Ant & Dec,True,False
Robbie Williams,Best British Male,https://www.brits.co.uk/history/the-brits-2001/,2001,2001-02-26,"Earls Court 2, London",Ant & Dec,True,False
A1,Best British Newcomer,https://www.brits.co.uk/history/the-brits-2001/,2001,2001-02-26,"Earls Court 2, London",Ant & Dec,True,False
Robbie Williams,Best British Single,https://www.brits.co.uk/history/the-brits-2001/,2001,2001-02-26,"Earls Court 2, London",Ant & Dec,False,True
Robbie Williams,Best British Video,https://www.brits.co.uk/history/the-brits-2001/,2001,2001-02-26,"Earls Court 2, London",Ant & Dec,False,False
Madonna,Best International Female,https://www.brits.co.uk/history/the-brits-2001/,2001,2001-02-26,"Earls Court 2, London",Ant & Dec,True,False
U2,Best International Group,https://www.brits.co.uk/history/the-brits-2001/,2001,2001-02-26,"Earls Court 2, London",Ant & Dec,True,False
Eminem,Best International Male,https://www.brits.co.uk/history/the-brits-2001/,2001,2001-02-26,"Earls Court 2, London",Ant & Dec,True,False
Kelis,Best International Newcomer,https://www.brits.co.uk/history/the-brits-2001/,2001,2001-02-26,"Earls Court 2, London",Ant & Dec,True,False
Westlife,Best Pop Act,https://www.brits.co.uk/history/the-brits-2001/,2001,2001-02-26,"Earls Court 2, London",Ant & Dec,True,False
American Beauty,Best Soundtrack/Cast Recording,https://www.brits.co.uk/history/the-brits-2001/,2001,2001-02-26,"Earls Court 2, London",Ant & Dec,False,False
,MasterCard British Album,https://www.brits.co.uk/history/the-brits-2001/,2001,2001-02-26,"Earls Court 2, London",Ant & Dec,False,True
U2,Outstanding Contribution,https://www.brits.co.uk/history/the-brits-2001/,2001,2001-02-26,"Earls Court 2, London",Ant & Dec,True,False
,Pop Act,https://www.brits.co.uk/history/the-brits-2001/,2001,2001-02-26,"Earls Court 2, London",Ant & Dec,True,False
,Pre Best British Newcomer,https://www.brits.co.uk/history/the-brits-2001/,2001,2001-02-26,"Earls Court 2, London",Ant & Dec,True,False
Arlo Parks,Breakthrough Artist,https://www.brits.co.uk/history/the-brits-2021/,2021,2021-11-05,The O2,Jack Whitehall,True,False
Little Mix,British Group,https://www.brits.co.uk/history/the-brits-2021/,2021,2021-11-05,The O2,Jack Whitehall,True,False
Harry Styles - Watermelon Sugar,British Single with Mastercard,https://www.brits.co.uk/history/the-brits-2021/,2021,2021-11-05,The O2,Jack Whitehall,False,True
Taylor Swift,BRITs Global Icon,https://www.brits.co.uk/history/the-brits-2021/,2021,2021-11-05,The O2,Jack Whitehall,False,False
Griff,BRITs Rising Star,https://www.brits.co.uk/history/the-brits-2021/,2021,2021-11-05,The O2,Jack Whitehall,False,False
Dua Lipa,Female Solo Artist,https://www.brits.co.uk/history/the-brits-2021/,2021,2021-11-05,The O2,Jack Whitehall,True,False
Billie Eilish,International Female Solo Artist,https://www.brits.co.uk/history/the-brits-2021/,2021,2021-11-05,The O2,Jack Whitehall,True,False
HAIM,International Group,https://www.brits.co.uk/history/the-brits-2021/,2021,2021-11-05,The O2,Jack Whitehall,True,False
The Weeknd,International Male Solo Artist,https://www.brits.co.uk/history/the-brits-2021/,2021,2021-11-05,The O2,Jack Whitehall,True,False
J Hus,Male Solo Artist,https://www.brits.co.uk/history/the-brits-2021/,2021,2021-11-05,The O2,Jack Whitehall,True,False
Dua Lipa - Future Nostalgia,Mastercard Album,https://www.brits.co.uk/history/the-brits-2021/,2021,2021-11-05,The O2,Jack Whitehall,False,True
